Price,Volume
0.4556795953729429,0.04600133790111695
0.46490511551021974,0.035873629158135856
0.470063193931885,0.049983458677099586
0.4695176496672482,0.058163183393809166
0.4668888776291674,0.05892598974275811
0.46614524115580247,0.04238122073341307
0.4735849622905113,0.0541250329407472
0.47095599661390763,0.040364273985931766
0.4762632412442308,0.047492448967180884
0.4809254114092463,0.05098327623603819
0.48201675812321654,0.022651557843952078
0.47859445541908696,0.05422845675133283
0.4845461290529752,0.05948194847053576
0.4823142514402672,0.03921359794044313
0.4757175678872455,0.05044029109484908
0.4611355543887041,0.07681109241653321
0.45488612925306837,0.06765307818613042
0.45548163225656324,0.0412822363219882
0.44838865316984644,0.06572232470454682
0.45994525838963096,0.06492505726622204
0.4693192992738232,0.09301112890474549
0.45116633323188826,0.07160073787273721
0.4622268365565003,0.06375715067604548
0.4648059725865943,0.04869055968863392
0.471700278549015,0.047893251707851046
0.47988389434178547,0.055142121586831815
0.4866789282882322,0.048354381626157995
0.4909440749355264,0.05055230990654964
0.49089450347371366,0.03256378342218889
0.49484350295960355,0.03402906894244998
0.5021423197959565,0.02993918631286615
0.5025423124376928,0.04740625570128317
0.5020921028724016,0.041243437189596804
0.5007925947465223,0.032249173947416436
0.49899272467797107,0.039023980863959785
0.5007428296461868,0.048862946220429346
0.4979929044390664,0.038726601933875254
0.5064915055621052,0.04876381991040117
0.503092116749829,0.03644677788814336
0.5076412020175844,0.0829997770164805
0.5108905855209376,0.042613934442845273
0.5229884749578594,0.05345705540126897
0.5217387964784898,0.04251480813281709
0.5190394754719697,0.034072165575398834
0.5097407599731099,0.050366990330623744
0.5056917784633298,0.03966179481461961
0.5115905242343451,0.021931848127952
0.5125405148267405,0.03081839005898928
0.5098907652820328,0.02424183576250228
0.5065415933933117,0.030947679957835844
0.514790142637363,0.040441872250714564
0.518539242621646,0.027374956923638283
0.4993928464120556,0.054814579067928894
0.5028424521478869,0.057482272810200484
0.5075914369172488,0.10972832498834403
0.5028424521478869,0.032606880055137746
0.5107408383967117,0.03875246802213618
0.49874318916837734,0.041407228720277314
0.5080914115828755,0.0384206280026758
0.5204890534529458,0.05016877825302548
0.5211887339816565,0.05256062111045793
0.5257882943576638,0.036722628772982505
0.5235386020008667,0.030939044414262838
0.5231386739053049,0.02425476880663275
0.5281376460074803,0.046035798990492795
0.5365861592993125,0.07375556952018
0.5377361784856628,0.040002270377653
0.5383355542596119,0.037998256674302164
0.5364861772754219,0.0749493421986175
0.5330866593707974,0.07240230281161945
0.5415852604938364,0.034011838397762055
0.5509337410930313,0.06506294216618352
0.5591320088673534,0.041583912752630195
0.5504837251662629,0.06661875899535788
0.5543832822826882,0.036395086254079584
0.5543832822826882,0.03876110356570919
0.5549827871489857,0.060680018649530716
0.5568325514102209,0.030253795787638607
0.553982966910081,0.03016330502118344
0.5578824594803321,0.06125754596501185
0.562281603985339,0.033145608238227486
0.5671808522483207,0.03497289736676735
0.5694304800589435,0.026849161784679006
0.5665307431814228,0.04241138432223146
0.5714296687135333,0.021949078672639927
0.56818028521018,0.019677890170481036
0.5798282878126818,0.050392856418884684
0.581428193833452,0.04025221463177313
0.5794285533556426,0.02685779732825201
0.581428193833452,0.026008797713405363
0.5741296997279701,0.0524658328434453
0.5790652229408721,0.04763467191015791
0.582137556288298,0.05763309075429244
0.5884336483079059,0.03630889298818187
0.5853105171213567,0.0287023170014798
0.5844039015580478,0.025133932010297788
0.5797200438784891,0.029008331475137338
0.5778063143585869,0.033162838782915406
0.5840515439928973,0.018962477955038415
0.590548955529945,0.04856126978978736
0.5874765576363449,0.0462297135675336
0.5862840025211735,0.03487056820255012
0.5925485960077546,0.06673288601487908
0.5943684108441444,0.051018629259492
0.5893892544174594,0.03008655814802052
0.5942079490549955,0.04144250065881495
0.6106444386854913,0.04947801585210112
0.6097878464072147,0.048586081774137965
0.595439748244102,0.04151142283756664
0.5883722648962081,0.05870142506740184
0.5830720557988767,0.0381950497658673
0.5787885134919253,0.03948429993310495
0.5801268784146942,0.05020778009770733
0.5767539535338546,0.031201475745474452
0.5836070790371131,0.044819687417648135
0.5927626311215186,0.042496604569135024
0.5968847434467077,0.0436358476414425
0.5977410775402873,0.08331069712756684
0.5936190297612727,0.03454622853783625
0.592066436086217,0.04247227909428149
0.5902998718435709,0.02981492367882265
0.5889608614590598,0.03294074719750258
0.5957604781838771,0.05677971255397215
0.591584727987899,0.037201759542681075
0.5947971910795896,0.030909570047231966
0.5940473581734981,0.023088929881818737
0.5907815153957148,0.02029960876527944
0.5926553553799397,0.040299203340698544
0.5938865736534782,0.034566499766880865
0.5989728121832193,0.04173035211124851
0.6019711110687976,0.028221605075915757
0.6060935461248576,0.020555026251241615
0.6083422057428667,0.026409357199326994
0.6129466070819417,0.03363807747663741
0.6161053677566686,0.03785449311791774
0.609413220411953,0.01430743345969066
0.6170157915442577,0.021730757535829398
0.6136962463495103,0.02364436155764124
0.6186215712668832,0.04704546836674708
0.6137498842203,0.06252863311102551
0.6185144891638269,0.04657517585291196
0.6059866576603238,0.032847499543897346
0.6140175572048537,0.019857695972106792
0.6120366351175726,0.026320163791530682
0.6123573005111734,0.03594899758772374
0.6018105201873001,0.0390261701566966
0.599026450054009,0.04450751049036103
0.6028278969855968,0.03637874764346962
0.5920128627616015,0.04499401998743184
0.5863375758457888,0.050223997080943016
0.5861770495104657,0.05637834221888873
0.591584727987899,0.05262005635401674
0.6010071785027675,0.03110417384606029
0.5961355560023583,0.03730716993371308
0.6106501832949982,0.04561837384200604
0.6091932470501591,0.034805700269607345
0.6124308186036274,0.07965376740791794
0.6199314713268143,0.027954024852526807
0.6179347999730197,0.027066145020372585
0.6214422390809656,0.01878332083274209
0.6211182172863046,0.021665889602886623
0.6155063147135909,0.03169203948835418
0.6143732066248901,0.024860635300318262
0.6145894363085783,0.019784719547546167
0.6159922828594084,0.012519511057955445
0.613132435517565,0.016014270945247412
0.618797911414894,0.05313494557175002
0.6192837504683631,0.02473495368024163
0.6228987880487594,0.02023879507814559
0.6202547185673848,0.029810869433013726
0.635795113660972,0.0437574750157102
0.6315319033989046,0.022172670329002046
0.6318019000457309,0.030763617198110722
0.6209564000274965,0.04209117998824269
0.6182044738889746,0.03498003283939105
0.5943544688705097,0.10090612393829437
0.5945705694618495,0.048955018142749995
0.6036357569023256,0.042983114066205835
0.6052004852581377,0.03249478015852101
0.5971603556106924,0.052940341772921694
0.5956498460412378,0.0839634307028035
0.5924121453954211,0.03783422188887312
0.5880954909010871,0.03989377875980621
0.5841026645628917,0.05134702317001479
0.5793001710150887,0.033248869878980764
0.5898221010618814,0.023932213010074803
0.5885272402605469,0.02132938720074598
0.5885272402605469,0.045172406803024465
0.5911710515572247,0.04357908820011757
0.5889048353798235,0.03526788429182461
0.5960275057066886,0.026466116640651925
0.5975921695163263,0.02117127161419797
0.58831133330773,0.023040278932111656
0.6083301356082846,0.04679410512659383
0.611405631718248,0.06811132958991303
0.6101646024262263,0.03924104518456954
0.6049844492129723,0.04375342076990128
0.616909483995292,0.05448500942612151
0.596836592000728,0.13623482191725284
0.5985095642907328,0.06614096612677627
0.6101107709169139,0.06250430763617197
0.6205247797603852,0.029174352841012753
0.6295896444699902,0.04338043015548033
0.626406098064357,0.034513794571364866
0.6318019000457309,0.04414668261336685
0.6340685035001775,0.04038839674849486
0.641244747151658,0.030942004013703353
0.6565152101445929,0.05946362327947944
0.6509034366642279,0.053905252275445466
0.6558139159615266,0.02741886440574892
0.6683324528159398,0.05084835093551723
0.6856530959411106,0.08685005371875695
0.6889446280962396,0.08604731304859013
0.6814441690115753,0.04096004540755306
0.6730267024295502,0.03564492915205449
0.6695733530156134,0.0423182177535424
0.6848437514623742,0.04275607630090612
0.6758864852252193,0.03631387971052685
0.6705059161409649,0.0449696945125783
0.6772450531005239,0.034396221442906084
0.6689298276584874,0.02866757211489733
0.6713753531079144,0.018815754799213477
0.67523437522692,0.01938334921246275
0.6599075634238776,0.07048711763394214
0.6734946621927561,0.06596257931118363
0.6712122449256218,0.07080334880703816
0.6719191546258467,0.05598102612961423
0.6742559843178615,0.06341245869737082
0.6833866861251866,0.030013581723459894
0.6839845773371281,0.02010905921226004
0.6817020309776454,0.053880926800591915
0.6896918791553617,0.04766982222132128
0.6883331821877086,0.028193225355253287
0.6907787721833099,0.024191684741845902
0.6841478791579435,0.04103302183211368
0.6951812730893768,0.038661288033893494
0.691756711269149,0.02993655105309035
0.6943656030855653,0.0353692404370477
0.6951812730893768,0.0495793719973242
0.6820284409807531,0.05125782976221848
0.6813758146130602,0.04613731730554824
0.6750168546197471,0.04169791814477712
0.6958329958106305,0.041588453507936184
0.7093663921625452,0.03899779043603414
0.6988223873241639,0.0987087227098579
0.7201817491174117,0.037072023676795525
0.7140946576099777,0.026486387869696544
0.7074638936769598,0.02769049887494679
0.7048011058050571,0.012434371895968051
0.7150185715479819,0.025695809936956478
0.7098010460998457,0.01508179440919503
0.6911043430861527,0.03161906306379356
0.7086596761008431,0.036423344347367784
0.7127902439748567,0.037972066246376515
0.7409440587989827,0.10479819991486083
0.7600747702882341,0.07328860148790821
0.758553094230637,0.05311872858851432
0.7696946675500885,0.05041049238815349
0.7707275354302018,0.03253532261661025
0.7714336060301618,0.04205063753015345
0.7808908469329433,0.05636212523565303
0.7887175223821926,0.04612515456812147
0.7926845302506941,0.05164703735987513
0.7863258284420781,0.06248809065293629
0.7895327405627844,0.035235450325353225
0.8102400569039071,0.04466968032271797
0.8052397938782471,0.037072023676795525
0.8163816253823958,0.025926901948065115
0.8137725399274566,0.026835053009263955
0.8074138381188404,0.052088950153047785
0.8142073229571055,0.03749771948673248
0.7810542132999329,0.07510895785611481
0.7851304332952403,0.05214976384018163
0.7888255726778627,0.07250207780097706
0.7982830072191668,0.05617157568263364
0.8058376205440144,0.029381119377267846
0.7615968336228766,0.08174981249113134
0.7563243148342921,0.021442906083395837
0.7598030308947036,0.06340840445156189
0.7547116286710233,0.03854371490543472
0.7673025217867543,0.036792280715979814
0.7584891289719699,0.027787800774360952
0.7568465579300302,0.027406701668322153
0.7648938522028156,0.024487644685897307
0.7404239457269949,0.03390971194583527
0.7513722032546116,0.040724899150635506
0.7612260803980692,0.01723459893373335
0.7417924537131316,0.04202225780949099
0.7440912011623474,0.02207942267539681
0.7258073354790632,0.044633192110437654
0.7434348311165487,0.07153311305264437
0.7416829188554542,0.03843425026859378
0.7393284680578732,0.030731183231639335
0.7281064056591503,0.027840505969876958
0.725752664869486,0.0442764184792524
0.6898953286965512,0.07809288277148242
0.689129359246901,0.07813342522957166
0.6862823565937305,0.09036913908090247
0.6831620654388478,0.044989965741622916
0.7064281212190061,0.06065962579311184
0.7085083798684354,0.07591169852628164
0.72542399575028,0.05065780138249782
0.7202784392864162,0.051472704790091424
0.7496756070648368,0.06054205266465306
0.7529600391408001,0.07616711601224381
0.7816460371714963,0.10396302527822261
0.7827406111941785,0.07176015081794408
0.7788540924049484,0.06651801098700613
0.764182617908917,0.06380166629502745
0.7559710536227026,0.05969471529058807
0.7647847046221837,0.04599136445642699
0.7796203200392956,0.03511787719689445
0.7723390597623344,0.06251241612778982
0.7852044032109139,0.08427560763009061
0.7927042813800101,0.05431473110214672
0.8005866601776245,0.03241369524234254
0.7868460706064145,0.026616123735582087
0.7823025363096433,0.036893636861202894
0.7585988574681698,0.057675700877744214
0.7484161821131577,0.06378139506598285
0.7432704320107716,0.04221280736251039
0.7492375967264763,0.04776306987492652
0.7416829188554542,0.031359591332022464
0.7420113297899634,0.023948429993310497
0.7319386411158483,0.03383268127546573
0.7337998300499232,0.029081105187407516
0.7350591259092537,0.02120775982647828
0.7365915811779483,0.017210273458879814
0.7363175826683194,0.03146500172305447
0.7344018522170158,0.022699722284162088
0.7408072854557782,0.02654314731102147
0.7318835186830513,0.02713101295331536
0.7036911697929066,0.06277594210536984
0.6948772606087285,0.07319129958849405
0.7095484769200632,0.06342462143479759
0.7051688253596754,0.050601041941172896
0.6892387650122298,0.08749467880237578
0.6955337597468757,0.07109120025947173
0.7039647810254902,0.054756643895319375
0.7285993447917855,0.0519551600413533
0.7095484769200632,0.030508199712148548
0.7109715909696029,0.029725730271026332
0.7021962158514429,0.03307453730919706
0.7210719699524649,0.02355516814984493
0.7257633149882347,0.03775719121850358
0.7211825375489299,0.023733554965437553
0.7170429332105234,0.03190691451622712
0.714614577043443,0.03422999736474022
0.7143384485100644,0.05166730858891975
0.7147800734341824,0.019886075692769255
0.7062800522953104,0.025979607143581114
0.7176499254330321,0.03619630658206807
0.7158841357444771,0.025789057590561715
0.7025272086329216,0.08741359388619731
0.7135107729178455,0.032677221219922566
0.7066668129713282,0.026356652003810994
0.6888947339035557,0.03171636496320772
0.6894468618779644,0.0375179907157771
0.6760898056740605,0.04690762400924368
0.6705709141384198,0.05177271897995176
0.6648859452964718,0.04753197786381788
0.6746549442208098,0.042293892278688856
0.6796224823361326,0.024151142283756664
0.677525183496705,0.02974600150007095
0.671619402192698,0.04684275607630091
0.6796775402227553,0.031720419209016644
0.692426958742408,0.03951267965376741
0.7052318869719035,0.02871622306460441
0.6919301468393191,0.09240842472279094
0.6756490198502076,0.04994019987431838
0.668528673185615,0.023003790719831343
0.6611331016340832,0.04749143540572865
0.652633338679908,0.04295473434554337
0.6611881595207059,0.09665322008473373
0.6451268122548657,0.03618819809045022
0.6562760020228771,0.07446027852668706
0.66587956910265,0.05302548093490909
0.665658756640591,0.029032454237700435
0.6715090282347557,0.036950396302527826
0.6877358718913352,0.04822119965133486
0.6856381857748621,0.03531248099572277
0.6844242658760191,0.041896576189414364
0.6883981801851635,0.028935152338286273
0.6909920972891574,0.028055380997749894
0.6947451991362431,0.021321278709128137
0.7025822665195444,0.03664632786685857
0.7137315208337299,0.03283533680647058
0.7116893444270994,0.027966187589953583
0.7109715909696029,0.013593886197320144
0.7045143916991038,0.022663234071881783
0.7079365007647108,0.03290425898522228
0.7024169637673278,0.03296507267235613
0.7204647195452593,0.03927347915104093
0.7266464357441219,0.051099714175670476
0.7299024675034217,0.032547485354037016
0.7305101051876729,0.022711885021588857
0.7286886121507529,0.012819525247815775
0.7346493222490339,0.04607244937260546
0.7411067151580558,0.017879224017352174
0.7419898359139433,0.03863696255903996
0.7428179633293818,0.04243173663619225
0.7494407235367947,0.04296689708297014
0.7593202255114234,0.02719993513206706
0.7453566934544048,0.05223490300216902
0.7585478014443497,0.04183170825647159
0.7611415894559951,0.03215827775638037
0.7626996695558611,0.018718452899799315
0.7678741427057821,0.014315541951308507
0.7782238635597151,0.021799679714581098
0.7851233332160744,0.03588818390058989
0.7762763118445134,0.02421601021669944
0.7708231928604187,0.040826255295858586
0.7583597784388022,0.06742616204820498
0.7144026719534285,0.09787354807321967
0.6866931284465639,0.07502787293993635
0.7138463484776946,0.06719507003709634
0.7347674417478846,0.04610488333907685
0.7269221770004554,0.04529403417729217
0.6991014204353833,0.1175650199671606
0.6751196121291297,0.06045285925685675
0.6869159418400244,0.03174069043806126
0.691311536305448,0.03225557965579453
0.6746187983632381,0.033727270884433724
0.6891971972760224,0.03835721959822424
0.6728384857854801,0.025529585858790622
0.6753978706862581,0.02760941395876832
0.6980994056265545,0.035774665017940036
0.6969870814059576,0.02629178407086822
0.7088943014441883,0.026109343009466664
0.7219143620724099,0.025201191948267823
0.7300379499231414,0.038888325799193206
0.7251416062380004,0.09853033589426526
0.7351016618380749,0.02713101295331536
0.7209129927253236,0.032336664571973
0.7223595370361108,0.024941720216496724
0.709729012569399,0.05042670937138919
0.7184088593496908,0.029462204293446315
0.7037752089117612,0.027159392673977822
0.716405862470821,0.05129026372868987
0.7235837197766574,0.04464535484786443
0.7357131077466058,0.029891954349192194
0.7445048130468473,0.03523950457116215
0.7685974471342628,0.050969978309784926
0.7681524658090847,0.04181954551904482
0.7820075602933881,0.03936672680464617
0.7860691928533184,0.025586345300115547
0.7867926263741477,0.022132127870912816
0.7954725377006134,0.029494638259917702
0.7861248316555093,0.03942348624597109
0.7813397655747497,0.03194340272850743
0.8007587402781359,0.028371612170845918
0.8063782592994094,0.03595710607934159
0.8285791741123368,0.022265917982607283
0.8260754280137496,0.02914597312035029
0.8321959544394374,0.03355293831465002
0.8410431694495212,0.047986053394417305
0.8310833074879694,0.03495976161034644
0.8329191297755697,0.025797166082179565
0.8486105629168673,0.027556708763252315
0.8459397713193592,0.04211955970890515
0.8385948039684278,0.03095416675113012
0.8222913440030309,0.06856135087470352
0.8462733459478072,0.041454663396241716
0.8358685026610774,0.025890413735784802
0.8349780236413272,0.035563844235876024
0.8308606231868575,0.03409215300723683
0.7857908697500159,0.06103667065334171
0.7669286703455834,0.05980012568162008
0.7833429560921422,0.027552654517443396
0.7783345602485287,0.02139020088787983
0.7733979397506646,0.03253937686241917
0.7468038186807601,0.0692505726622205
0.7540974072770003,0.042257404066408544
0.7495528402414414,0.027074253511990436
0.7686848426541774,0.03421378038150453
0.7731733836104998,0.024605217814356088
0.7798499107810505,0.036382801889278546
0.7734538367375524,0.02413492530052097
0.75185345952971,0.06333542802700128
0.7588661431756784,0.024901177758407493
0.7673382158211063,0.005882710668747846
0.7462429124266553,0.07732257606778699
0.7598199419923534,0.048225253897143786
0.7281763737120216,0.05436338205185381
0.7207146423318983,0.07315481137621373
0.7525266115808099,0.05797571506760455
0.7551633227983218,0.0245727838478847
0.7558929527518777,0.04924286959518356
0.751909421062772,0.029295980215280452
0.7394538812744126,0.02534309055158014
0.7370414034661942,0.03917212300581784
0.7447281428097013,0.02818917110944437
0.7656552388740953,0.05713243193934848
0.7860775838559689,0.06085422959194015
0.7868070847171763,0.029291925969471527
0.7702558319888902,0.07790638746427195
0.7776615372897772,0.03316373071699337
0.7819257157444576,0.04740629624374126
0.7899486761095568,0.03700715574385275
0.7917443506767828,0.0019784719547546164
0.790229064690435,0.020405019156311446
0.7998232080287694,0.03053657943281101
0.7962887886199931,0.010873487259532544
0.7922489726669543,0.02768239038332894
0.7804671658452628,0.04519673227787801
0.8019552972561098,0.036723358537228114
0.7992623017746648,0.02477549613833087
0.7760904834088899,0.038722101721027344
0.7454573209400376,0.043262857027021547
0.7488796881903413,0.03570168859337942
0.7423151486320888,0.04254120127303319
0.7351898964582545,0.03776529971012142
0.7429883652293633,0.042395248423911944
0.7346288611118014,0.08462427276965802
0.7471402333408744,0.03275425189029211
0.7148237066479654,0.0753319413756056
0.7263813446065376,0.04565486205428635
0.7523020554406455,0.035604386693965255
0.7401269687793383,0.03682876892826012
0.7681236782153756,0.04418317082564716
0.7451205190028777,0.04721574669072186
0.749328606832148,0.03859642010095072
0.7464670167436004,0.12802091990837403
0.7557245517832979,0.048415803450163185
0.7455134761116223,0.04541566155155987
0.7578005503852278,0.04285743244612921
0.7537609280707115,0.03487867669416797
0.7335626874057829,0.04528592568567432
0.7251470926628104,0.06116235227341834
0.7052294342172823,0.07183718148831363
0.7271950136789479,0.04520484076949585
0.7287800095334699,0.06537471366888974
0.7403286755738235,0.052806551661227226
0.7562930099397881,0.04897934361760353
0.7605958515528356,0.03941132350854432
0.7727672590822116,0.021613184407370617
0.7738431147143653,0.04096004540755306
0.7737295779938854,0.03210151831505544
0.7751449465025172,0.02034015122336867
0.7722576670366236,0.018057610832944805
0.7879394827979603,0.02304433317792058
0.7792212310439989,0.026295838316677138
0.7754279169303647,0.056905394174048766
0.8027716772678378,0.036305771218909
0.8069041815270784,0.031169041779003065
0.8189061553490867,0.04197766110559283
0.8251895963185444,0.04756035758448035
0.8315865094623077,0.03496381585615536
0.8204908930189118,0.027289128539863372
0.8209440071620434,0.027159392673977822
0.822359117485978,0.028055380997749894
0.8409845615233155,0.04852932233281304
0.8284161304762184,0.04472643976404289
0.8315302251983746,0.022630800105410395
0.8366256292848574,0.023688958261539397
0.8626098535544126,0.055608035515193284
0.8616478573736096,0.08741359388619731
0.8505515954684711,0.03048387423729501
0.8469851611572742,0.02760941395876832
0.8420595135090302,0.029900062840810038
0.841720129724901,0.016253471447973893
0.8509477798859274,0.011964079382132937
0.8728565587142659,0.03058523038251809
0.8660067896120677,0.02426466116640652
0.8771026642401608,0.04506699641199246
0.8850848314231431,0.03754637043643956
0.8831598063227496,0.01997121485475665
0.8734794292956366,0.02579311183637064
0.8825939945594029,0.024678194238916706
0.872007518338375,0.023174069043806124
0.8737627870005295,0.029162190103585985
0.8713849059417013,0.024828201333846875
0.8794802871142923,0.02250917273114269
0.8768195647199647,0.019054955301939958
0.8785745751974224,0.028497293790922543
0.8781215901466392,0.029839249153676188
0.8849149458925557,0.021503719770529686
0.8803291983978349,0.02744318988060246
0.8546278154637786,0.09349901684539133
0.8295489158340478,0.05570128316879853
0.8456830066382511,0.043262857027021547
0.8543448450359311,0.03708824066003122
0.8559298408904531,0.044933206300297984
0.8594396036606716,0.043672335853722814
0.8542879153102557,0.017392714520281363
0.8401918054113576,0.047604954288378507
0.8591565041404757,0.02197806653017373
0.8616478573736096,0.01732784658733859
0.876706350730356,0.0315055441811437
0.8813485115813585,0.03143256775658308
0.8948221381759315,0.030824430885244572
0.9073901819459832,0.0354908678113154
0.912371726581115,0.032547485354037016
0.8519102924361243,0.14969897224868742
0.856439497482215,0.11096065354442439
0.8224892425732365,0.12320853013318198
0.8389794991668703,0.05946362327947944
0.8166693722271366,0.06451115931158906
0.8053715971660357,0.08502969735055035
0.8074254564302027,0.06418681964687518
0.8147289851372751,0.07849830735237477
0.8182668900394602,0.038519389430581176
0.8289939478279728,0.047138716020352314
0.8202067607599278,0.048695546410978896
0.8261410069267726,0.020773955524923476
0.8297926421879603,0.022545660943423
0.8290508775536484,0.046396789037319336
0.8325885242711365,0.03544627110741724
0.8276815950134208,0.03179744987938619
0.8396068879804374,0.04233038049096917
0.8349279358101206,0.042135776692140844
0.8397210056164853,0.02232673166974114
0.8507904163131418,0.035713851330806186
0.8519317217659704,0.02000364882122803
0.8440001587835885,0.02025095781557236
0.8523880632178139,0.027102633232652898
0.8586074743824302,0.03757880440291095
0.866595837998139,0.03772881149784112
0.8779504136925672,0.0207780097707324
0.8761246606081475,0.045488637976120495
0.8822299541367159,0.03582737021345604
0.8906174712938958,0.03487056820255012
0.8915310578440222,0.030698749265167947
0.894383611468177,0.01619671200664896
0.8796051194152633,0.05688917719081308
0.8878787771210922,0.057951389592751014
0.9172072677701265,0.056812146520443536
0.9277059611941946,0.050471306075287346
0.9389468065296199,0.0706371247288723
0.9403162181621961,0.02907705094159859
0.957947392931613,0.04018163021223977
0.9425983126984593,0.04323853155216801
0.9314719722761272,0.036690924570756726
0.9541240648469594,0.03332995479515923
0.9665634035455858,0.02706209077456366
0.9649657566409137,0.037440960045407555
0.9808282371439351,0.03500841256005352
0.9690173199976634,0.03360969775597494
0.9734104617084661,0.03180555837100404
0.9696445797188821,0.021013156027649957
0.9739242492553791,0.030260890717804224
0.9751220971568378,0.017072429101376414
0.9806000018718389,0.013480367314670288
0.9868760845774339,0.025809328819606334
0.9821975196841627,0.01904279256451319
0.9823115082278621,0.02391599602683911
0.9663349100887929,0.05095781557235816
0.9798578499604816,0.02403762340110681
0.9968043189136103,0.03769637753136973
0.9999999999999999,0.02395653848492834
0.9772331443313774,0.03937483529626401
0.969815756172954,0.04783604629948714
0.9544665468474519,0.028606758427763473
0.9549799471173194,0.04248849607751718
0.9564638636629889,0.03311507976728629
0.9602298747449215,0.022342948652976834
0.9508149115862642,0.03600575702904867
0.9255381133863277,0.07630901461555613
0.9293605378245421,0.03510166021365876
0.9322933868894455,0.03313940524213983
0.91786112051513,0.03820721250329408
0.9316607052895912,0.03236099004682654
0.9338459805645015,0.02270783077577994
0.9197582616682539,0.026060692059759583
0.9231505504013643,0.01950092234092153
0.9201605134260883,0.01406823295696418
0.933213298964647,0.042180373396039
0.9407458374979062,0.029251383511382296
0.9304534336466942,0.03741258032474509
0.9415508573829688,0.022419979323346377
0.9427582581182142,0.02489306926678965
0.9402858814603056,0.06027852668707304
0.9434485149054866,0.022347002898785752
0.9473007596761976,0.024666031501489938
0.9557534684693553,0.042326326245160244
0.9602957118426415,0.019577953011291074
0.9496006689565498,0.08448642841215462
0.9082583279894479,0.055230990654963404
0.9219435369431642,0.07096957288520402
0.8911235132999006,0.04361963065820681
0.8960685248004151,0.03576250228051327
0.8968158404057113,0.036463886805457014
0.9015309384335998,0.08635138148425939
0.906475562657069,0.025517423121363847
0.9013008958686252,0.026109343009466664
0.9138358919974684,0.047329265573371714
0.9289007108792898,0.0341732379234153
0.9289007108792898,0.035604386693965255
0.93620359412462,0.03012710060610975
0.9256808895237364,0.024520078652368694
0.9238406780962879,0.03320021892927368
0.894918570160239,0.04183981674808944
0.8916409154325707,0.05540126897893819
0.8619135294267622,0.06865459852830877
0.8448359026475872,0.06340435020575297
0.8267237297877689,0.051959214287162235
0.83109337669115,0.04192090166426791
0.8329914214907131,0.04444669680322718
0.836958300266866,0.014931787314264864
0.8257457261557556,0.025489043400701385
0.8451233913076311,0.03551519328616894
0.844375817517638,0.03630982546471793
0.8340259675713565,0.029421661835357077
0.8369008541717967,0.027722932841418177
0.8423636550820269,0.021292898988465675
0.8424785472721658,0.04374531227828343
0.8355785612464125,0.03693823356510105
0.8314960157260299,0.02194968680951126
0.8341411179461923,0.028367557925036993
0.8356357491567848,0.028582432952909936
0.7845184064711411,0.0950882812024893
0.7549058481092973,0.13767813342522955
0.7528937502198604,0.05527153311305264
0.7706037358680186,0.0649530721047617
0.7550208693917845,0.062050232105572554
0.7344935723306042,0.053990391437432846
0.7324811517102959,0.0319555654659342
0.7379435653434808,0.05400255417485963
0.747430884763456,0.03048792848310393
0.7550208693917845,0.022030771725689728
0.740818451943921,0.07171555411404593
0.7495008805711819,0.11379051711905291
0.7513413501833272,0.059374429871683114
0.7782063715464974,0.05903792746954247
0.7703148271921413,0.08667572114897325
0.7628301173739905,0.028371612170845918
0.7497162711546052,0.03081632239362673
0.7505868699526909,0.04210739697147838
0.7439139573678973,0.027402647422513228
0.7549386375658086,0.029904117086618963
0.7501802936011827,0.031290669153270764
0.7533140749064807,0.0064949017858952785
0.7534880913922192,0.04327907401025724
0.7591163241470141,0.04119924591027954
0.7437399408821589,0.07718473171028359
0.7273190714258281,0.07075469785733109
0.7420573512121932,0.038239646469765465
0.7501802936011827,0.02824187630496037
0.7464091188253111,0.035324643733149544
0.7675296597738882,0.038422087531167014
0.7670082557784156,0.03508544323042306
0.7656730536181843,0.02611339725527559
0.7812816740179379,0.02984735764529404
0.7888823733111897,0.0500820984776307
0.7531978272466829,0.07146419087389268
0.7457705635236015,0.04877257708134844
0.7532557251649717,0.06668018081936307
0.7610310218595301,0.03407999026981006
0.7630616445009725,0.03910320082706614
0.735152395131024,0.05215381808599056
0.7239538275397227,0.052190306298270865
0.7222709796850598,0.026060692059759583
0.7223288776033489,0.028805416472400723
0.7121167691928855,0.03889643429081105
0.7224448025322755,0.04630759562952302
0.7322511091453215,0.07923618008959882
0.7609731239412411,0.09813301980499077
0.7694448738557981,0.06734102288621759
0.7713014154653278,0.07523463947619144
0.78540139813468,0.07786989925199164
0.7800631067945497,0.06581257221625346
0.7700833646113335,0.09468285662159696
0.7573177450019478,0.07382781618049501
0.7637003934412049,0.03699499300642598
0.7690381684119415,0.0571527031683931
0.7766981210931411,0.06315704121140864
0.7838927604042784,0.040526241105998256
0.7627138051680183,0.06523281506557742
0.7720558311497902,0.09498692505726622
0.7747830361035798,0.07376700249336117
0.7697928422811006,0.08045650807808477
0.7596964006148669,0.07026413411445136
0.7578978214698003,0.0632705600940585
0.7429274981870594,0.07554276215766961
0.7326572982197844,0.05616752143682472
0.7676459719798602,0.12456670247917132
0.7546483734202726,0.10518335326670855
0.7629459777567428,0.04882933652267337
0.7766981210931411,0.05978390869838438
0.7577818965408735,0.03440838418033285
0.7403167990777643,0.060092031379862555
0.7493681090907799,0.04359935942916219
0.7573177450019478,0.03923699093876062
0.7682149465057445,0.03498003283939105
0.7656959675100378,0.03729500719628631
0.7614184925434645,0.03036630110883623
0.7473574957633505,0.06584906042853378
0.7511071121170273,0.04226145831221747
0.7622976114365495,0.05380389613022237
0.7861425173072497,0.048265796355233016
0.7834475854405777,0.046157588534592855
0.7851464407464507,0.02890677261762381
0.781045499566411,0.035774665017940036
0.7929971919186899,0.039857290547525896
0.7816899285699762,0.06126370841864142
0.7706754466675939,0.061429932496807275
0.7625902637905321,0.050102369706675316
0.7523962283088547,0.056714844621029374
0.7488810436600003,0.031359591332022464
0.7400341513807877,0.04252903853560641
0.7248015769921289,0.11939753907279396
0.6933399643769664,0.15004358314244592
0.6866025056179376,0.11232288013622266
0.6896489559494952,0.09685187812937097
0.6810954905783563,0.0968234984087085
0.6973238833431176,0.09431797449879385
0.6938085050557404,0.03160284608055786
0.6857237740018982,0.10200887879832153
0.6862510516992264,0.03021629401390606
0.6912309826800023,0.06938030852810605
0.6703737255761311,0.09016642679045629
0.6830285194043549,0.04577243518274513
0.6853135185184587,0.049267195070037094
0.6747679000257216,0.05138756562810403
0.6858993395958183,0.06689100160142708
0.696503824199458,0.0642922300379072
0.6975583150479399,0.049356388477833406
0.7092172259538875,0.0697857331089984
0.7211104394723092,0.0890231294723399
0.7006047653794977,0.10684559404836715
0.6990229322875131,0.0565283493138189
0.6961522411883982,0.06037177434067827
0.6962107845684297,0.04745089294763941
0.7060533015852216,0.04251687579817964
0.7169506967275413,0.059877156351989626
0.7165406348826243,0.06418681964687518
0.7198214523728302,0.028890555634388117
0.7240986691547066,0.03588007540897205
0.7250360086969515,0.03484624272769658
0.7232780936416531,0.042014149317873145
0.7250360086969515,0.033050211834343514
0.7089243799613819,0.06783158662909732
0.6911136377352425,0.08419046846810321
0.6858407962157869,0.05772840607326022
0.6682644211482959,0.06871541221544261
0.6848447196549878,0.08341610751859885
0.6695534727939488,0.0611218098153291
0.6891804798168952,0.10641584399262126
0.6902347124806805,0.06584500618272485
0.6714867598046446,0.048237416634570554
0.6704906186976711,0.07672660193387525
0.6652179708167381,0.05409580182846486
0.6553751956152493,0.08387829154081611
0.6531490626120481,0.06933976607001682
0.6718383428157042,0.08508240254606636
0.6491649500073745,0.09542478360462994
0.623972320018641,0.10152236930125072
0.6265198284233596,0.07207232774523119
0.6144929397780968,0.11799882426871541
0.615263040182898,0.11942591879345643
0.6137817700303722,0.0806348948936774
0.6366509313851577,0.16355638442358758
0.6350512835490842,0.07197908009162594
0.632977673155601,0.059650118586689914
0.6479668439212187,0.05225517423121364
0.6534174456045183,0.058668991100930455
0.6330369910897233,0.04641300602055503
0.6195286386534119,0.05825140378261134
0.6152038513411242,0.13093592264498996
0.6186400314727145,0.0715898724939693
0.6056650886202837,0.06374896109951146
0.6034139117014791,0.05182542417546775
0.6083314910779436,0.06102856216172387
0.6212469869039039,0.07052766009203137
0.6170998952092861,0.0591798260728548
0.6232022196138396,0.035953051833532666
0.6477298303694268,0.08334313109403822
0.6422199752981791,0.06526119478623989
0.6471374255822953,0.0592852364638868
0.6535952057683625,0.05338225456609435
0.6508105547195032,0.17467718067746446
0.6431680295053471,0.07377916523078794
0.6432270892547725,0.06074476495509922
0.6420423442266835,0.057525693782814045
0.6441161482586892,0.06374490685370253
0.6427532557897112,0.06637611238369381
0.6519364336366895,0.05962579311183638
0.6633117931992214,0.060347448865824736
0.6717837367523011,0.06825728243903427
0.6645557270690841,0.06802213618211671
0.6596975947190902,0.05019561736028056
0.6799597360965118,0.02945004155601954
0.6387837306204146,0.08620137438932922
0.6242685869583809,0.05123755853317386
0.6293636037678183,0.04107356429020292
0.6222541654066716,0.03282722831485273
0.6133672544994332,0.05423364618596826
0.6227279988717329,0.062058340597190405
0.6377172341835248,0.04055462082666072
0.6535952057683625,0.04194928138493037
0.6618897764346435,0.03714500010135614
0.648262917222436,0.03802882568770145
0.6508698081074513,0.03466380166629503
0.6552541069923837,0.03691796233605644
0.6527066631338394,0.040169467474813
0.6495071092769956,0.036094950436844984
0.6585719739866008,0.041823599764853746
0.6716061056808056,0.030804159656199953
0.6867731011564415,0.047357645294034176
0.6523510782599772,0.06896272120978694
0.6403835075488364,0.13364010459954187
0.6764050491890256,0.11406215158825078
0.657386970773815,0.08739737690296162
0.6608234090901022,0.0644138574121749
0.6761089758878084,0.0533741460744765
0.687009985615885,0.04879284831039306
0.6735018268180962,0.042861486691938136
0.6694733064455485,0.03503273803490706
0.6560837189698301,0.03489894792321258
0.6367695027072279,0.06116235227341834
0.6512847109154356,0.053268735683444486
0.6449932662203728,0.0686627070199266
0.6477494524063943,0.06943301372362205
0.643255489571436,0.0394072692627354
0.6215648768120128,0.07300885852709249
0.6275568918047981,0.033046157588534596
0.6194679007034565,0.02924732926557337
0.6454725861102443,0.05677971255397215
0.6400199189493689,0.07943078388842714
0.6542805570463929,0.04745494719344834
0.6410385221249763,0.03122580122032799
0.6375632915579734,0.029912225578236806
0.6421770520923126,0.023449757758812917
0.6411583198243569,0.07900914232429912
0.6491876057145309,0.02888650138857919
0.6413381454657765,0.043262857027021547
0.652423176336598,0.05456609434229997
0.6648262400853042,0.04565486205428635
0.6573961363305565,0.023721392228010785
0.6619503207460763,0.01645618373842006
0.6453527238646892,0.03939510652530863
0.6626093371850187,0.04905232004216416
0.6825020808072919,0.0583649226652612
0.6886138289532837,0.1005817842735805
0.6691403127326686,0.0562526605988121
0.6584149331446864,0.05688106869919523
0.6594334717741193,0.05296061300196631
0.6575159340299372,0.03650442926354625
0.6529025607726436,0.021260465021994288
0.6629088314334705,0.024426830998763457
0.6810641856838523,0.05577831383916807
0.6606917348946623,0.04652652490320488
0.6695597337728498,0.03397052563296913
0.6660846968443698,0.05190650909164623
0.658175337745925,0.0407411161338712
0.6542805570463929,0.03396241714135128
0.6590742723144999,0.05396201171677039
0.6675824908174998,0.042184427641847926
0.6614708717638564,0.03369889116377126
0.6645866446865427,0.008951774746102857
0.6774691574174688,0.03024467373456853
0.6904714678477756,0.04395613306034745
0.6872357035871859,0.042764184792523974
0.6978414791143103,0.04523727473596724
0.6919695845517767,0.030897407309805197
0.7025751018942042,0.04198171535140176
0.6869361447925598,0.030893353063996272
0.6931077272420678,0.04814822322677424
0.6883143347048319,0.03929780462589447
0.6926283428060224,0.02573229814923679
0.6832212542806216,0.04771847317102836
0.6820827243132853,0.036082787699418216
0.6825618505646338,0.062334029312197205
0.6400199189493689,0.1282398491820559
0.6464912538320257,0.04221280736251039
0.6320506610012339,0.08216334556364152
0.6425965376786678,0.04901988607569277
0.6561979011520525,0.055113417526504636
0.6300733534997097,0.07230747400214874
0.6300135837423678,0.0770144533863088
0.6543403268037348,0.08719061036670653
0.6422368218496545,0.07941051265938254
0.6675824908174998,0.10004256958099368
0.6825020808072919,0.10142506740183656
0.6618902282578633,0.10602663639496462
0.6630885925287159,0.07112768847175203
0.6674532048305065,0.056581054509334906
0.6704231679455953,0.05152946423141635
0.6830318758054152,0.07617522450386166
0.66521022527583,0.044981857250005065
0.6660587492823273,0.043672335853722814
0.6610883065891638,0.03330562932030569
0.6590877624649152,0.010492388153493746
0.6493285745590608,0.04245200786523687
0.6476915544881052,0.08034298919543491
0.663513048170487,0.09310980924773468
0.6818195695609278,0.09423688958261539
0.6854563592020414,0.05653240355962782
0.6934575029602489,0.08790010338326812
0.6878809071448418,0.06810322109829518
0.6879415160024488,0.0397356631732582
0.6837589884581758,0.03272587216962965
0.6848502060797979,0.04431696093734163
0.684910879483579,0.0320934098234376
0.709703452284402,0.1544586568283635
0.7065511462270985,0.06274350813889845
0.7053389045287856,0.04103302183211368
0.7185534427799779,0.11038089639374835
0.7307372431748068,0.05506882082260648
0.7222508412786982,0.050223997080943016
0.6953368293692838,0.07836046299487137
0.6997011834863777,0.031128499320913827
0.7140678709476701,0.06830998763455028
0.7279491711787133,0.03131094038231538
0.7364959237477317,0.0521781435608441
0.7387993185214924,0.026932354908678117
0.7423758865820443,0.034874622448359045
0.7464979989072332,0.045091321886846
0.7416486448369354,0.061567776854310675
0.7112188028169243,0.07414404735359104
0.7206142730309625,0.07280614623664632
0.7272821510141655,0.06260566378139505
0.7047327514065419,0.05636212523565303
0.7013988769611145,0.04089923172041921
0.7004894859123133,0.047187366970059395
0.7046115336913278,0.03678822647017089
0.7017626591991045,0.0453345766353814
0.7160681568872219,0.055486408140925585
0.6969735912555425,0.06555310048448236
0.6969131760364581,0.059779854452575464
0.7081877790210088,0.05760677869899252
0.7095821700230139,0.10270620907745635
0.7081877790210088,0.059658227078307764
0.6966706760598562,0.046469765461879954
0.6937001320291993,0.05043481786300704
0.6889117095473796,0.054647179258478444
0.6870323185921704,0.07355618171129714
0.6916392372320406,0.11874075125174838
0.6690898376244167,0.09412742494577446
0.6501166188002996,0.11495813991202286
0.6416300878118428,0.09518963734771238
0.6468434823048276,0.12726277594210536
0.6400538056908424,0.06993574020392855
0.6238088245593028,0.10579149013804706
0.6542384729407915,0.116802821755083
0.651813666813294,0.08140114735156392
0.6557421406157771,0.04667247775232612
0.6471489793474833,0.07142770266161237
0.6597930585107842,0.055206665180109867
0.6594248225867718,0.06402464981451825
0.6563559747327546,0.04807930104802254
0.6300238465840711,0.053775516409559916
0.6467805497849483,0.051574060935314504
0.6629236125073703,0.030013581723459894
0.6777164338109642,0.04545214976384018
0.6461667156679706,0.06541931037278789
0.643588806015187,0.07076280634894892
0.6523663111570966,0.05369848573919037
0.6559263553970445,0.05007804423182178
0.667834091804669,0.05187812937098376
0.6688774161650085,0.046271107417242704
0.6583814982264324,0.045861628590541444
0.6605909783166809,0.03531248099572277
0.6623714199867874,0.04239119417810302
0.6634146798009526,0.07820640165413228
0.6678956688548895,0.043720986803429895
0.6741563895710164,0.08787577790841458
0.662555376583358,0.05927712797226895
0.6658085683109913,0.07143175690742129
0.6553737755994162,0.038053151162554984
0.6501563792436287,0.04003567736311853
0.6486835646399275,0.043392592892907096
0.6375734253073285,0.05945956903367051
0.6326628814638555,0.05896089679917293
0.6424223275544069,0.046798159372402746
0.6248677045476329,0.13157649348279984
0.6583201793609088,0.08473779165230787
0.6487448189592768,0.05800814903407594
0.6409494484045315,0.05473231842046584
0.6480081534727293,0.04455616144006811
0.6605909783166809,0.07038981573452797
0.6561105056321378,0.04650625367416027
0.6472101045744842,0.035194907867263994
0.6430362907637329,0.03972350043583143
0.6523049277453988,0.043725041049238814
0.6442025110398162,0.0380734223915996
0.6215532585006505,0.06332326528957449
0.6326628814638555,0.038661288033893494
0.6360390981995814,0.041633050211834347
0.6419315829916957,0.05269303277857736
0.6376961275845499,0.02695262613772273
0.6237628031370732,0.042074963005006995
0.6051645330390888,0.0811903265694999
0.6030163072681897,0.04719142121586832
0.608540362497769,0.054497172163548276
0.6020343017733738,0.06361922523362591
0.6230263312890485,0.06965194299730391
0.6597316750990864,0.08272283148527294
0.6609593433330417,0.09122863919239423
0.681828993302366,0.1108430804159656
0.6784529702051634,0.08729196651192961
0.6775322190296968,0.05291601629806816
0.6793737213806298,0.05594453791733393
0.6820130789912853,0.053520098923597735
0.6757522291828099,0.078433439419432
0.6830562742592762,0.03576655652632219
0.6909132864104162,0.04007621982120776
0.6827494862931358,0.03326508686221646
0.6712714337673954,0.05810950517929902
0.6505860631255129,0.07977134053637672
0.6605949156333093,0.03741663457055401
0.6566781246883628,0.029762218483306645
0.6597864748010122,0.03684093166568689
0.6775653957632535,0.041523585574993416
0.684900745734224,0.05247004925908658
0.6913658196379798,0.04721574669072186
0.6883821727339533,0.028201333846871138
0.692795904674337,0.0263931402160913
0.6944121408771889,0.051695688309582204
0.7058501747749034,0.05455798585068213
0.6973340170924723,0.1085889197462042
0.7009394372929076,0.049064482779590926
0.7122532843513932,0.04323042306055016
0.7141802458370138,0.05892440858689262
0.7287268880320742,0.039699174960977884
0.7257428538510021,0.05234842188481887
0.7294107547480971,0.03860452859256857
0.727670138067494,0.030277107701039918
0.7341974344832126,0.03803287993351037
0.7115070660310588,0.03343536518619124
0.7211425189209041,0.03839776205631348
0.7238157632730332,0.08838661288033893
0.7272970611804138,0.04181143702742697
0.7294729127138856,0.055608035515193284
0.7461948900730243,0.07437513936469968
0.7548978443836921,0.035685471610143724
0.7758477252475909,0.060939368753927546
0.7672064125333179,0.08172954126208672
0.7730501649638847,0.09699377673268329
0.7638499469269081,0.04927935780746386
0.765652398842429,0.030824430885244572
0.7593117699625987,0.07544951450406437
0.7561413264303353,0.032450183454622854
0.7652795155938715,0.012896555918185318
0.773671615529422,0.03411242423628145
0.7767178076762827,0.032567756583081635
0.7714337351225101,0.04676167116012244
0.7757232156774913,0.050114532444102085
0.7651550060237716,0.02584176278607772
0.7683878011603466,0.020867203178528713
0.7686363684773266,0.026624232227199937
0.7622334525393594,0.021872656139141716
0.7611145446089908,0.029251383511382296
0.7626067876111363,0.0474833269141108
0.7827478403656928,0.056581054509334906
0.7612387959943933,0.04266688289310981
0.7604928358587563,0.03276236038190996
0.7568876092968436,0.07036143601386552
0.7651550060237716,0.05269303277857736
0.7638499469269081,0.037890981330198054
0.7493033692780219,0.042354705965822706
0.769693376626604,0.05638239646469765
0.796734802683959,0.0830633881332225
0.8063081621541898,0.07056820255012061
0.7970455279667278,0.055968863392187464
0.8095408927445905,0.03486245971093228
0.8022052200427489,0.039946483955322215
0.7984132613987737,0.020303663011088366
0.7971701020830019,0.017879224017352174
0.7997808657384712,0.03477732054894488
0.7853585394749879,0.03583953295088281
0.7879069515261458,0.025039022115910886
0.7928807506203693,0.025489043400701385
0.8025162035102146,0.06621799679714581
0.81289019372566,0.04248038758589933
0.8235157849282747,0.035693580101761574
0.8416866948066472,0.0587460217713
0.8343932353027553,0.034242160102167
0.8291748062081802,0.023015953457258112
0.8357767180013148,0.023798422898380328
0.8388576359899139,0.03153797814761509
0.8335133418555799,0.033848898258701424
0.8484144716395406,0.04749143540572865
0.842881315399394,0.03923699093876062
0.8421896385962885,0.029989256248606357
0.852123940272843,0.07850236159818369
0.8445791379664792,0.05004561026535039
0.8482253513490311,0.0692667896454562
0.8614919138166571,0.05594048367152501
0.8436988572422582,0.03178528714195942
0.8462135761904653,0.021832113681052485
0.8601090765798401,0.0571689201516288
0.8641326268969717,0.04993209138270053
0.8659560563191188,0.037392309095700474
0.8487914212970747,0.02577284060732602
0.8548276504192113,0.026753968093085487
0.8420010346751728,0.042723642334434736
0.8318783872621996,0.038908597028237825
0.8337644264733551,0.044430479819991486
0.8360906705927952,0.07834424601163567
0.8121357780411979,0.035713851330806186
0.814147682292112,0.03755853317386633
0.803585088155551,0.032438020717196085
0.8045908466424855,0.028866230159534573
0.8126385927384908,0.05714459467677525
0.8119470450277338,0.03344347367780909
0.8082373182097343,0.03163528004702925
0.7896895877661764,0.030929841276276585
0.7644140159435505,0.06566661936713222
0.7782464547206974,0.057914901380470694
0.80106985283795,0.04894285540532323
0.8022646025230454,0.035174636638219375
0.7866719250283277,0.05541343171636496
0.7727136857575961,0.12826417465690945
0.7776175813451228,0.08452291662443494
0.7766117583120141,0.04365611887048712
0.79591429171708,0.037489610995114636
0.787488950501798,0.0328393910522795
0.7897525848322299,0.033646185968255256
0.8001894430213806,0.05689728568243093
0.7820189204200535,0.03566925462690803
0.7871118717519155,0.059629847357645295
0.79541121883509,0.08653382254566093
0.8382285689758168,0.10898218158966977
0.8315636601166284,0.06821268573513611
0.8384804281476829,0.060862338083558
0.8818003348010056,0.11329184488455535
0.8552046000767454,0.07569276925259978
0.8433845173737323,0.04310068719466461
0.8356507238692074,0.04552107194259188
0.8528783559573053,0.027597251221341552
0.8558962768798507,0.02812024893069267
0.8787821556937633,0.027702661612373558
0.8789082789182189,0.01947254262025907
0.8877108279757319,0.037761245464312504
0.8828694776310392,0.023741663457055404
0.8887794544363715,0.028006730048042813
0.8795995684442791,0.02816889988039975
0.8606613336465975,0.0567716040623543
0.8775028505204195,0.05185380389613022
0.8886242854335099,0.034627313454014715
0.8654279395215255,0.03618008959883238
0.8644742052510249,0.04251282155237072
0.8607248470820449,0.0
0.8499207211614955,0.05222274026474225
0.8562761956613997,0.05638645071050658
0.8726089595898995,0.03929375038008554
0.8745157826691586,0.029632482617421095
0.881443007180439,0.11353104538728181
0.8894506055560701,0.051338914678396956
0.8772482804092355,0.04080192982100505
0.9125835671249553,0.08444183170825646
0.8987927606301901,0.046271107417242704
0.884048736234318,0.03807747663740853
0.8926279555289768,0.051801098700614216
0.861169570222526,0.05503233261032616
0.8710838625850678,0.08868257282439033
0.862186430651429,0.054748535403701525
0.8133782918952274,0.05515801423040279
0.8135051896737738,0.04511564736169954
0.7941218444585657,0.06094342299973648
0.7694633340616294,0.08003081226814782
0.7491899616498904,0.11594332164359125
0.7223707680704278,0.034294865297683
0.7605024532387173,0.04912935071253371
0.7647604352606713,0.05395795747096146
0.769654132552669,0.04367639009953173
0.7689546456624811,0.036273337252437615
0.7500162172262766,0.0449696945125783
0.7491265773067916,0.04980235551681498
0.7650784542611285,0.02940949909793031
0.7762632735173179,0.05028886501388579
0.8019385152508086,0.05210922138209239
0.8034638704403373,0.028055380997749894
0.8030190182075075,0.049976688086598685
0.7966639309846487,0.04621434797591778
0.7864319423525209,0.030942004013703353
0.7895457788899801,0.04590217104863068
0.8000953346993455,0.04172224361963066
0.8025103943545334,0.03455839127526302
0.8068959196167763,0.03733960390018447
0.8024471391037827,0.034943544627110745
0.8082302181305684,0.039289696134276623
0.8152209560772966,0.04113843222314569
0.8269146573711569,0.036394964626705315
0.8357485758693483,0.044681843060144735
0.8401974854746902,0.06026636394964626
0.8532252270976458,0.08347692120573269
0.8587546396596867,0.08974883947213719
0.8402606116330923,0.07596440372179765
0.8571657710347106,0.04868743791936105
0.8707025237876856,0.040226226916137926
0.8697493058865787,0.026060692059759583
0.8824598676093419,0.05064563864507105
0.8713380454192065,0.041876304960369745
0.8789641759051067,0.03218260323123391
0.8745157826691586,0.06383004601568992
0.8838344429358568,0.03853560641381687
0.8822917893716332,0.03265289574506902
0.8797211734365383,0.05664186819646875
0.8724590833733251,0.04966451115931159
0.8531149822320517,0.056613488475806294
0.8719450376417152,0.0521781435608441
0.8814565618770286,0.0376396180900448
0.8793358327763535,0.03664632786685857
0.879207256797277,0.0233767813342523
0.8660970251636487,0.03703553546451521
0.8655825921549934,0.0813119539437676
0.8296578697761571,0.0915002736615921
0.8279867693252051,0.06068395126796538
0.8349919656149619,0.03766799781070727
0.8348635187282337,0.0503415702094018
0.8285012023338606,0.05015102065638239
0.8209817021277969,0.04499401998743184
0.8316501519901037,0.041385741217490016
0.8447605127160803,0.03097443798017474
0.8461742030241818,0.03163528004702925
0.8567781067122534,0.05517828545944741
0.8329996834010153,0.09316251444325069
0.8216888700127188,0.041158703452190304
0.8157120233708787,0.03995459244694006
0.8191824129748136,0.0432020433398877
0.8464310967976384,0.04518862378626016
0.8427040716049438,0.046599501327765504
0.8451459824686135,0.016561594129452066
0.8660970251636487,0.031448784739818776
0.8652614103919986,0.04531835965214571
0.8797211734365383,0.03724635624657923
0.8723303783018997,0.05200381099106039
0.8769576935328284,0.050596987695363964
0.8792714156944669,0.03742474306217186
0.8772148454909817,0.02150777401633861
0.8828703812774784,0.019577953011291074
0.8889758038983951,0.017498124911313376
0.8804280831367634,0.011882994465954472
0.8746443586482352,0.015357483124201819
0.8898109023006514,0.015276398208023354
0.88518384525442,0.021961849546938035
0.8936029900369752,0.015823721392228013
0.8870476805816384,0.013006020555026252
0.8393622579800856,0.04260201496016704
0.8416758510493755,0.06428006730048041
0.845660157292572,0.02787293993634834
0.8177044346771739,0.03917617725162677
0.8363414970258737,0.02642151993675377
0.8462384910137203,0.02019014412843851
0.8443107549740089,0.023303804909691674
0.8491945767013483,0.02040907340212037
0.8308145372184536,0.034554337029454096
0.817640017595287,0.07551843668281608
0.8436676168939282,0.07806855729662888
0.8439891859339687,0.053268735683444486
0.8543359376638867,0.029968985019561738
0.8459813390555667,0.021130729156108738
0.8197606176036135,0.0702398086395978
0.8121133159725639,0.027674281891711096
0.818090162614404,0.04423182177535424
0.8273444057992155,0.03847479272668302
0.8259944871112584,0.029896008595001113
0.8340279039565835,0.043692607082767426
0.8388482122484756,0.023324076138736292
0.8411883983415506,0.023113255356672274
0.8356620839958729,0.0595447081956579
0.810304473985794,0.037489610995114636
0.824868801832595,0.05858385193894306
0.8175867024553688,0.04904015730473739
0.8162864843215728,0.05347550221969958
0.8153109334441805,0.0331515679795666
0.7942446112819611,0.09373010885649996
0.7673917891457217,0.07040197847195474
0.7614749058997462,0.04818471143905455
0.7552329035741475,0.08307149662484035
0.7525021485807749,0.05185380389613022
0.7553630932075802,0.055612089761002216
0.7738289145560336,0.03400295959944052
0.7652461452217919,0.042812835742231055
0.7636854187287824,0.021961849546938035
0.7506818173749911,0.07812937098376274
0.7590044010808902,0.03001763596926882
0.7582239087420369,0.029960876527943887
0.7664814299043071,0.026968843120958423
0.760629673748135,0.03422999736474022
0.7841666943677331,0.060237984228983806
0.7815008082794669,0.042914191887454135
0.7759094959363343,0.03574223105146865
0.7731784827582645,0.056435101660213656
0.7682368922049844,0.09282195779530113
0.7548430446817666,0.041466826133668484
0.7513321846265858,0.03325697837059861
0.7368975945899979,0.05619995540329611
0.7411890115302059,0.03523950457116215
0.7400834001117295,0.04980640976262391
0.7328014943730258,0.05017940037704486
0.7543229316097783,0.049733433338063286
0.7743488339894989,0.03158257485151325
0.7608896011917806,0.025509314629746004
0.7694724996183705,0.04734548255660741
0.7710977722856155,0.09657213516855526
0.7668716760737336,0.049644239930266974
0.7582239087420369,0.027597251221341552
0.7563384504464498,0.020842877703675176
0.7585490923678343,0.027933753623482195
0.754777982138137,0.03343536518619124
0.7425542922076308,0.031590683343131094
0.7376777641979798,0.0738602501469664
0.718497223062219,0.05919198881028157
0.7099797099101292,0.051578115181123436
0.7302657979181922,0.09839654578257079
0.7362472918845772,0.029352739656605384
0.7307209775388995,0.033175893454420145
0.7307859109901803,0.0497009993715919
0.7393032950499215,0.028870284405343498
0.743009730013035,0.04276823903833289
0.7559482688231974,0.0872027731041333
0.7252593384598055,0.0855567493057104
0.7367677276874364,0.03174069043806126
0.7075090114527504,0.06981411282966085
0.6991214297493962,0.05260789361658997
0.6995116113726486,0.059281182218077884
0.7101098349973874,0.036682816079138876
0.7088094232250689,0.036423344347367784
0.6963906102098492,0.04391559060225821
0.7114752447671607,0.049405039427540494
0.6904088580587673,0.10724696438345056
0.6763658051150905,0.1034400275688715
0.6811126598607029,0.06359084551296344
0.690013448195402,0.03048387423729501
0.673926411552216,0.039127526301919686
0.6730034658068256,0.04844418317082565
0.6817062264789705,0.033788084571567574
0.6641029356568234,0.0574283918833999
0.6703661736737456,0.0280391640145142
0.6604112172214356,0.061811031602846074
0.6674654686036112,0.03608684194522714
0.6785415921023883,0.03850722669315441
0.6832885113941747,0.04418317082564716
0.6870462605658053,0.024848472562891487
0.6912660957987863,0.029085159433216434
0.6906725937266928,0.029381119377267846
0.6985180521126445,0.028022947031278507
0.7444052828461766,0.09508017271087145
0.7642498750224701,0.07541708053759298
0.7421635942149846,0.09624779550384138
0.7250218085386196,0.09766272729115566
0.7161873736710346,0.04666436926070828
0.7192202047598285,0.03944375747501571
0.7177696585862386,0.0267215341266141
0.7286480126071587,0.037432851553789705
0.7207365234849642,0.02642151993675377
0.7235054252673098,0.07287506841539802
0.7229120522875646,0.03872615596683627
0.7166490079091655,0.03161500881798464
0.715066658447787,0.026299892562486063
0.7273292697213573,0.024905232004216418
0.7427570962870781,0.041527639820802334
0.7275271037453886,0.03749771948673248
0.7058362328012685,0.054136344286554096
0.6848049592116588,0.07353591048225253
0.6737945437182533,0.06740589081916036
0.6770910459287984,0.07052766009203137
0.6785415921023883,0.04782793780786929
0.6630482511698187,0.051691634063773285
0.663773362891178,0.035624657923009874
0.6717509472957897,0.04942125641077618
0.681046887309157,0.039127526301919686
0.6813765246209768,0.031319048873933227
0.6829588740823551,0.030062232673166975
0.6818381588591076,0.023551113904036004
0.6824314672926785,0.0231862317812329
0.6897495188889539,0.03812612758711561
0.711176783257497,0.044073706188806225
0.7200110890327337,0.035713851330806186
0.7211979640845722,0.036342259431189315
0.7195497129792997,0.03429891954349192
0.7269338598579921,0.03406782753238329
0.7155937425065925,0.029900062840810038
0.709198701201882,0.03984512781009913
0.6980565469668621,0.06303946808294986
0.6947601738486656,0.04979830127100606
0.7173083470789791,0.03594899758772374
0.7434158545413235,0.060010946463684094
0.732537887797449,0.06055016115627091
0.7237692254814093,0.06533822545660943
0.7296369890887918,0.050880784901988614
0.7198792857449451,0.03380835580061219
0.7260108495664271,0.04534673937280817
0.7140114575913884,0.047986053394417305
0.7188904383556606,0.039828910826863434
0.7277800602022167,0.032028541890494824
0.7306540431562175,0.02851756501996716
0.7287160442748025,0.026368814741237763
0.7095329858382465,0.032178548985424986
0.6920881558738471,0.05962579311183638
0.6805917722346239,0.04768198495874805
0.6885455391009427,0.03624901177758408
0.69883878205242,0.047937402444710224
0.7088645456578658,0.06818025176866473
0.7120728132482314,0.030731183231639335
0.7120059434117235,0.01860087977134054
0.6962990837347836,0.06041231679876751
0.6913526522184358,0.056698627637793673
0.6981703418720391,0.05603373132513024
0.6938925441745947,0.04251282155237072
0.6921548966180064,0.030313595913320224
0.702514944859817,0.02897164055056658
0.697501837145484,0.06346110964707789
0.6731726413294963,0.13291844884555348
0.6638818650100675,0.11199448622569985
0.666154729443415,0.08402019014412843
0.6743759111095906,0.08479860533944172
0.6682264679978452,0.07835640874906245
0.666154729443415,0.06798970221564532
0.6728386794240027,0.058154101883197175
0.6737742116733694,0.10159129148000243
0.6702984647369729,0.044552107194259186
0.6756454698106247,0.007617927874967059
0.6813270177053383,0.02890677261762381
0.6878102936302286,0.030670369544505485
0.6878102936302286,0.03000547323184205
0.6969673302766415,0.046348138087612255
0.671100644590369,0.061567776854310675
0.6728386794240027,0.039630252782226184
0.6779181406054494,0.02821755083010683
0.6668229759852732,0.0523362591473921
0.6731726413294963,0.0432547485354037
0.6653525495900188,0.07726176238065313
0.6690952595030525,0.06414222294297703
0.6724373313126077,0.07016277796922826
0.6847357011667045,0.050844296689708295
0.6845352852957037,0.0416087247369808
0.694160023520626,0.03134742859459569
0.6890134988641486,0.0448480671383106
0.6979698614548643,0.05262816484563459
0.677249764971243,0.05075510328191198
0.6855378810201006,0.049891548924611305
0.6692958690125758,0.06335164501023696
0.6479744603697785,0.07017494070665503
0.6370128417840951,0.044260201496016706
0.6372799983992549,0.05419715797368794
0.6133518279637908,0.09360848148223226
0.5912949802117565,0.10498874946788023
0.5889558268574695,0.10061016399424297
0.6189662478372997,0.1917698810078855
0.640220980282112,0.10059394701100727
0.6428277420747786,0.07381159919725933
0.6438971430895091,0.06700857472988586
0.6575324578505415,0.1038941030994709
0.6509821829967949,0.1106687478461819
0.6315320970374273,0.18757373659564977
0.6423222809843422,0.09026372868987045
0.6440864570185412,0.04745089294763941
0.6457831823006644,0.051229450041556025
0.6311249397703511,0.07853479556465508
0.6550124461160468,0.07587926455981026
0.6666849117185837,0.11552573432527213
0.6567091068519958,0.11216881879548357
0.6193847006848672,0.15041251951105794
0.5986863562619632,0.07693336847013034
0.5550505606319329,0.14206077314467574
0.5365919684549936,0.22130911597170136
0.5646871108067401,0.12597352577486773
0.5324522350242387,0.18578175994810564
0.5393742312954062,0.13552938314650015
0.515011471468816,0.1306642881757921
0.509310882452703,0.1330765644321015
0.400594728449404,0.24968883663416513
0.4575994567793976,0.23024872798037743
0.3901437991942701,0.2268472157466907
0.26792271370189413,0.2951734203644767
0.3105406161642339,0.27195880886258134
0.1478053493932821,0.21945227139121443
0.10077649047605058,0.4147858344651436
0.006175519766136284,0.47986864243579086
0.07960318303003622,0.40791794206482734
0.02802736886879925,0.3619509030832539
0.04173574989906598,0.42019014412843847
0.07274899251490291,0.2866797753947822
0.12439274152452251,0.3377794895704526
0.12276401563695616,0.3405323224747116
0.09609389144688968,0.18272891285398632
0.08319988949694967,0.1831789341387768
0.07363127417052517,0.25043076361719807
0.020562506999225738,0.3404796172791956
0.0,0.2979181447771178
0.018390915513253336,0.2606231375808315
0.06820226318250722,0.3193326711398512
0.11448471014088168,0.3281587642658774
0.12826092920026966,0.2579067928888528
0.16395677084526772,0.35535059090632665
0.14448009186211513,0.15375727230341973
0.16110650861029824,0.19356591190123856
0.11679204223127088,0.19613224949828706
0.06168732735915461,0.32802497415418297
0.08218202860234619,0.36278607771989213
0.0666414721433235,0.25005371875696825
0.06480907080295761,0.23512193144270335
0.057344208933384155,0.2263282722831485
0.06202667887019664,0.2242119559708905
0.050761467353997336,0.39621738866027445
0.08944331183838156,0.27193042914191884
0.13111115916215194,0.6120694897731649
0.168232115788091,0.6436115221665889
0.15445592900179017,0.351150392248282
0.130228974325791,0.24728061462366463
0.12893950313000535,0.1391782043745312
0.11224528062578804,0.1969876953639699
0.07960318303003622,0.2982181589669782
0.088153872915683,0.2604001540613407
0.0950759660061119,0.3245342685126999
0.07512422718058759,0.366126776266445
0.07145961813837859,0.6596866067989702
0.04858981132185075,0.5534694208509862
0.051168689167247816,0.4185684458048691
0.04960776903571562,0.2938720074598123
0.08754320156124284,0.36017919766475437
0.08727168807932206,0.27140337718675883
0.07912815546075158,0.2707952403154203
0.08136768179510656,0.23232450183454623
0.07179893737633353,0.2015284506699641
0.10342310953130762,0.40994101072348016
0.13016110402358255,0.36039407269262735
0.10681620509159584,0.3053374146074476
0.09290430997396526,0.33078591555005976
0.11937082325740656,0.24991182015365593
0.13192547369630442,0.30272648030650096
0.19592013314584822,0.688856905394174
0.22204735946442167,0.6967667389673836
0.302600533086853,0.9286817619752286
0.349426007009069,0.6109910603879913
0.2881458046439036,0.49490584014108774
0.26466519738058714,0.6184630354138371
0.18940529414175694,0.5169893170622935
0.21695763544127156,0.4182684316150088
0.20616748376744398,0.38593582128884474
0.21383602108981692,0.43281101133161703
0.18770876249815638,0.3235977377308386
0.18289058423001414,0.31512030974437977
0.15683116366747496,0.5264073300764225
0.1665355841444905,0.24077760434615147
0.1772579300622838,0.26721534126614094
0.14319074975867802,0.4117897468123492
0.1420370837134834,0.28790415762907706
0.12140667413896217,0.4332285986499361
0.16368528963643397,0.3682147128580406
0.1653817890069474,0.4105248221199651
0.1750861449377888,0.31010520767874156
0.16829995381721236,0.2489266384220875
0.16911433289753908,0.2329123674768401
0.14875550135111276,0.20126087044657517
0.14726248379487616,0.26572337880845714
0.12379268801574411,0.36308203766394354
0.1442854528737087,0.22271593926739777
0.1422777441241197,0.19434432709655186
0.13009278189815449,0.19905536072652083
0.1623551866239672,0.27700229064888204
0.13680842405029187,0.19851614603393403
0.13334671590679142,0.18656017514341894
0.11963868988048304,0.21543045954876242
0.12330804306649834,0.1977336765928118
0.13078510416300232,0.1511828262147534
0.12919271777153046,0.11933672538566012
0.12067720555084194,0.11289858304108977
0.13030052375993084,0.16091707040197847
0.14539319431593478,0.2026190427925645
0.1554319317024021,0.14104315744663598
0.14179306690178684,0.12084085058077071
0.13300055477436756,0.19475380592325311
0.12386188151452432,0.15483570168859337
0.13743145599709805,0.15272343962214427
0.13403907044472635,0.12365855141797247
0.12503884872861787,0.18383572195982242
0.13189281333214137,0.24571162149561127
0.15460112562073242,0.726646530579149
0.16623221712558456,0.539401187894022
0.17094002143578446,0.26524092355719525
0.15840889807739544,0.2095518031258235
0.17336311708966462,0.20285824329529098
0.17336311708966462,0.16666599095903184
0.15224722346563252,0.318602906894245
0.1435931306088608,0.18777644888609596
0.15044715975855855,0.1576979992296933
0.1480240641046784,0.10879163203665038
0.1755786645202912,0.21021669943848695
0.1766171479175629,0.1914739210638341
0.16041660682698428,0.16349962498226267
0.16913992545562334,0.15717094727453323
0.184855757050782,0.13566317325819463
0.17107847297951917,0.15240720844904826
0.16657841053109557,0.12789118404248848
0.17100918266147758,0.1323508544323042
0.17211695637679092,0.20187711580953152
0.18762507838326037,0.26464900366909244
0.1863096918985192,0.14467981593724027
0.17807095367295162,0.16225091727311425
0.1595858330184018,0.17252843039873506
0.14546248463397643,0.19322130100748008
0.17073231184709525,0.12967099795260587
0.19337130154455767,0.26375301534532036
0.2144873242609382,0.3476961748190793
0.1989791377082945,0.18821836167926861
0.1847864667327404,0.22261052887636576
0.15044715975855855,0.27080740305284706
0.15210880419498496,0.23611522166588958
0.13673906918607598,0.1666254485009426
0.13632374682795895,0.20298797916117653
0.14151622836049166,0.09206381382903245
0.15681654395901057,0.13951065253086292
0.14435477546483733,0.14133506314487845
0.1491317087276432,0.15639253207921996
0.1619397674465889,0.12549917901522367
0.1735016654526607,0.2033650240214064
0.17737872822736517,0.136121303034603
0.1858250469492735,0.25061320467859965
0.19309439845708815,0.15554114045934603
0.19549235337610377,0.13747947538059233
0.17891925176783902,0.14168372828444586
0.18103494626692362,0.10987411566763292
0.16551982100054963,0.1368186333137378
0.16481458950085476,0.09876548215118282
0.1605832327757727,0.10419006304352232
0.15846747373051384,0.14629340576919178
0.1520498735379081,0.1320346232592082
0.1559286467862298,0.1042549309764651
0.15416560031007986,0.11381078834809755
0.16925756085816718,0.10422249700999371
0.17299536526195902,0.11610549147594817
0.15748017544941073,0.14279053739028197
0.13843889268456255,0.14045123755853317
0.129835049024433,0.25399444568324175
0.14852374831252096,0.22382680261904278
0.1442923915874389,0.1367821451014575
0.1576917900816412,0.13522126046502198
0.1596663866438474,0.13062374571770285
0.14055455491055996,0.16626462062394842
0.14894691303080754,0.11970971600008107
0.13759262779416354,0.18415195313291843
0.25917483525395857,0.9999999999999999
0.2573411429901079,0.5720419209016643
0.2190470596474423,0.26408951774746103
0.18893355842735826,0.3167298453305224
0.22814452017503628,0.3001033832681275
0.25818753697285546,0.5227625630942003
0.25818753697285546,0.23681255194502443
0.2416144353645907,0.2903894103099471
0.26996476101617617,0.6467130202104153
0.2734204986385598,0.38122073341306684
0.3036749687031738,0.4274837323386917
0.3275119999406175,0.3815653443068253
0.31622810230697707,0.22876487401431148
0.3046623315304511,0.08007946321785489
0.2836463553841352,0.2698749265167947
0.30071300931369016,0.18402221726703288
0.3166512670252637,0.16227118850215888
0.3334357250810619,0.20917070401978471
0.3636198398157594,0.20019054955301938
0.3316023555480825,0.23377997607994971
0.3368209782811805,0.1732135979404431
0.3419689229534909,0.17294196347124524
0.3391481260470599,0.11008493644969694
0.32123533631945445,0.18555877642861485
0.3171449161658152,0.18287486570310757
0.334211505549196,0.201268978938193
0.3239150998351813,0.12328556080355152
0.329204400629067,0.10830106829377065
0.3038160666400521,0.24513591859074413
0.29126293303624884,0.1742677018507632
0.2917566467229745,0.15443433135350995
0.30056778042166077,0.09883845857574344
0.3057256006586292,0.0194603798828323
0.31367704386267536,0.11247694147696174
0.2979890316686121,0.07907806450305081
0.3028601377996274,0.09976282662017798
0.31224418334082604,0.08747440757333116
0.2945502696900525,0.16090085341874277
0.297129276627798,0.1750299000628408
0.3107399992964467,0.325377551640956
0.31116974772450534,0.1579980134195536
0.3209121536250583,0.13629563560438668
0.29691433786759447,0.14828404046137317
0.3133188771418437,0.15295453163325293
0.3379615737260925,0.1607467920780037
0.38151591208423785,0.28927449271249317
0.3675470226947576,0.14902596744440613
0.36518314815573827,0.11205124566702479
0.3839516910613553,0.1448744197360686
0.37836412239632833,0.11062820538809268
0.38538429339850777,0.13630374409600454
0.3996398968939413,0.20238795078145586
0.4108866804773964,0.13741460744764955
0.3936223861623329,0.2207617927874967
0.3998548356541448,0.11327562790131965
0.36704562801329776,0.16973910928219577
0.36711727426669893,0.13960390018446817
0.36367877047283625,0.10770103991404997
0.37026925759313123,0.1076888771766232
0.38302035431331416,0.09986823701120998
0.3944104949497459,0.08988262958383166
0.4100987653285061,0.16759035900346636
0.4359591254897037,0.22993655105309033
0.4622493631713084,0.1616671058766293
0.48409824314995653,0.17700837201759542
0.48402672598890384,0.07839695120715168
0.48918441713352356,0.13739839046441385
0.47664813008119566,0.09819383349212461
0.46439855713482114,0.1209624779550384
0.4852443895658527,0.11119174555553302
0.5091708172546123,0.15915347347509678
0.5260051049569202,0.15583304615758853
0.553799720321427,0.17706513145892033
0.5238561046319303,0.18666963978025986
0.5102452528709331,0.14731912995884938
0.5174088454722635,0.13273195353834302
0.5013624083726715,0.12329772354097829
0.5179101756075488,0.15989540045812978
0.4901157538815648,0.19028602704181954
0.4977091594571279,0.1721392228010784
0.5015057654256481,0.12392207739555247
0.4964912376954821,0.10268188360260282
0.5202027266240383,0.10780239605927307
0.5311628606477145,0.1965174028501348
0.545561692103776,0.09280979505787434
0.5681985517774887,0.141306683424216
0.5408338139333889,0.13389552208550404
0.5483554441632025,0.0770995925482962
0.5381832252884164,0.2330502118343435
0.5372519530865496,0.16786604771847316
0.5269365707973098,0.09710729561533316
0.4922646896603806,0.1358780482860676
0.48502951535182337,0.1255721554397843
0.5154030731079015,0.14276621191542843
0.5227816044694353,0.09500719628631082
0.5166208657771987,0.12165575398836431
0.5279393601602294,0.07123715310859297
0.5163343453097685,0.08823660578540876
0.5265783395303039,0.10248727980377449
0.5255035166369377,0.10464819281993067
0.5358192862032229,0.0879487543329752
0.5395443750106904,0.08961504936044272
0.5295475280913017,0.08244714277026616
0.5409931784375759,0.0542944598731021
0.5325175557525648,0.10798483712067462
0.5226656795405087,0.13585777705702295
0.5254184447792957,0.09433013723622062
0.5312860792943297,0.08041191137418661
0.5497584198063808,0.11833532667085606
0.5457017573018668,0.05768786361517098
0.5290404533465094,0.07497922199022926
0.5534529137272607,0.08664734142831079
0.53910972107339,0.09165433500233118
0.5483094872871469,0.08178630070341164
0.5718527043394716,0.11910157912874256
0.5877172503200684,0.12042731750826052
0.593077939182658,0.07975512355314102
0.5947440050320199,0.07908617299466866
0.5832258693320792,0.09816139952565323
0.5938022763499268,0.0931300804767793
0.5804731686394666,0.09729784516835255
0.5772857494633792,0.08608380126087044
0.5917738482784084,0.06946950193590237
0.6064068532545955,0.09548965153757272
0.6195186339964054,0.19356591190123856
0.5897454847530641,0.21624130871054711
0.5533804929197689,0.12013946605582695
0.5560607728048894,0.13189272465589588
0.5864132239619927,0.08703654902596744
0.5868480069916414,0.05185380389613022
0.5892385391006201,0.09006912489104213
0.5870653339602917,0.06965599724311285
0.5892385391006201,0.05429040562729318
0.5878620919350523,0.06177859763637469
0.604233583568093,0.06669639780259877
0.6024951614574138,0.054375544789280576
0.6191562717742485,0.058182481603859644
0.6306743429280146,0.11519734041474933
0.632123404539597,0.06480711925564046
0.6734144312981817,0.13769029616265632
0.6806583838864348,0.09547748880014595
0.6724726380699144,0.07014656098599258
0.6595057634892627,0.06573959579169285
0.672037984132614,0.05944335205043482
0.6844252986148067,0.09163406377328656
0.6835560552863801,0.07074253511990432
0.6759497404759698,0.07682795807909833
0.6737041145281496,0.06670856054002554
0.6668223305235308,0.04637651780827472
0.6524065879698194,0.08607163852344367
0.6483497963729569,0.06040826255295858
0.6333548164516579,0.09947497516774441
0.6092320393008744,0.15818045448095516
0.6539278122041969,0.08127951997729621
0.6448726939669013,0.06651801098700613
0.6590711095519622,0.05978390869838438
0.6475531029443704,0.06847215746690721
0.6508128783817756,0.08076868500537186
0.6445105253832671,0.06379355780340962
0.6502333828294912,0.07584683059333887
0.6465389534547854,0.09687620360422451
0.6645524997603723,0.08999209422067259
0.6505665056347197,0.048594190265755816
0.6359943677008362,0.11404593460501508
0.6224476102908547,0.09231112282337678
0.6173216758639586,0.09325576209685592
0.6510057423503908,0.05916766333542802
0.6552528160688992,0.037809896414019585
0.6284520826952674,0.05724595082199834
0.6346030749151944,0.04970910786320975
0.6279393924333165,0.050860513672943995
0.6130012776915189,0.057201354118100185
0.5594730063058384,0.20771928402019013
0.621275839043787,0.14152966694370678
0.6381179368331775,0.07772800064867932
0.6173948712255414,0.05590399545924469
0.610438342751158,0.04191279317265006
0.6315274497128824,0.06384220875311669
0.6230333022758658,0.06608420668545133
0.6182736673877551,0.053167379538221406
0.6233994727223027,0.0592852364638868
0.627793001710151,0.07557114187833208
0.6263285135629262,0.07923618008959882
0.6499072955572545,0.1230909570047232
0.6437562387911534,0.11279722689586669
0.6827858257892302,0.12246254890434005
0.6913531685878297,0.0792483428270256
0.6742184829906308,0.05358091261073159
0.6687265717558205,0.05504044110194401
0.6789780533325674,0.043992621272627756
0.6814679220036939,0.06089882629583832
0.6801496954872864,0.0450223997080943
0.6603786214034468,0.05947984026271513
0.6394360342572365,0.07433459690661044
0.6386304334566058,0.04697654618799538
0.6419990337437715,0.06682613366848432
0.6442689290531044,0.05557965579453083
0.6493214744798951,0.0722142263485435
0.6720214603120097,0.06166102450791592
0.6718751986811925,0.057404066408546346
0.6608911825730492,0.03803287993351037
0.6802961507566263,0.05517828545944741
0.6782457769858679,0.04449534775293426
0.6858612573530193,0.08091869210030203
0.6958201511219577,0.05576209685593237
0.7002868109252144,0.06198941841843871
0.6953807207677639,0.05129026372868987
0.6868132488768158,0.05909468691086741
0.6798524603549331,0.055336401045995416
0.668744838323129,0.05141189110295757
0.6484546193599149,0.06280432182603231
0.67229913795357,0.061336684843202045
0.6607471800583303,0.038961302223753824
0.6725213058852878,0.049875331941375604
0.6837771904793101,0.039200502726480305
0.6734100421583337,0.11445135918590743
0.6604509776647647,0.08898664126005959
0.6668192968533418,0.05212138411951917
0.6909602114790853,0.06587338590338732
0.7019197645871932,0.08243498003283939
0.6925153224549361,0.04181954551904482
0.6947367435874183,0.06608420668545133
0.6914784527120204,0.053130891325941086
0.6925153224549361,0.03062577284060733
0.663783238455836,0.1103890048853662
0.6872575201940773,0.07418053556587136
0.6806669685276081,0.04690356976343476
0.6742985202466826,0.04739413350631449
0.6833327900697003,0.0757495286939247
0.6936999383906767,0.059508219983377596
0.6794081890376714,0.0561310332245444
0.6834066954391996,0.030451440270823624
0.6993281711454717,0.040287040603271776
0.7169523749280714,0.10798078287486569
0.7330955021966675,0.07909022724047758
0.7396862475016596,0.08565405120512457
0.771602329729613,0.12182197806653017
0.7590874074609567,0.05589588696762685
0.7747863925046402,0.0491820559080497
0.7673815263040181,0.04203442054691776
0.7761193355487731,0.035965214570959435
0.7886339996327322,0.048914475684660765
0.7852277689259871,0.06661125864061138
0.7671591647337775,0.03435162473900793
0.790781579941889,0.05259167663335428
0.7867829444480124,0.09923172041920901
0.8073690430739212,0.09222192941558045
0.8786808182002138,0.21533315764934827
0.9323680022668616,0.15793719973241976
0.9284433366886585,0.07914293243599359
0.9639140412779238,0.08801362226591797
0.9408842244954666,0.05319170501307494
0.9416248272986426,0.04268715412215442
0.9155583712031116,0.060570432385315516
0.9264442125802429,0.03425837708540269
0.921704845190842,0.0345381200462184
0.9327381100299267,0.05459447406296244
0.9222231509699516,0.03609900468265391
0.9416248272986426,0.04753197786381788
0.9556205033504305,0.0863027305345523
0.9360710162827407,0.060237984228983806
0.9453271958527792,0.06927084389126512
0.9530284580854894,0.04304798199914861
0.9530284580854894,0.04168170116154143
0.8897145994086925,0.10316839309967363
0.8857157057301189,0.1037886927084389
0.8331391031373635,0.1595021386146642
0.79522468039155,0.1370618880622732
0.8258821767680892,0.1692971964890231
0.8061103926763328,0.1341509395714662
0.831361888775969,0.10247917131215664
0.858390728329348,0.09403417729216922
0.8672768001363215,0.09529910198455331
0.8406353667207026,0.06551255802639314
0.8419824453769932,0.04247227909428149
0.8321040406873262,0.08457967606575986
0.8308317065008001,0.067689688025785
0.8391384118478374,0.07261559668362692
0.8362948946880758,0.098120857067564
0.8293350098126321,0.1538221402363625
0.7959583122079082,0.09463825991769881
0.8573237800692387,0.06813160081895765
0.8652562466980597,0.030277107701039918
0.8647325190403145,0.07821451014575014
0.8869587359535421,0.026908029433824573
0.8820195336087088,0.02577284060732602
0.8894282725797847,0.025229571668930285
0.8990071830209997,0.03059739311994486
0.8969867586750865,0.03502868378909813
0.9009528628971485,0.07287101416958909
0.921008908340237,0.060951531491354315
0.906416051084424,0.08082949869250572
0.9223559869965278,0.05615130445358902
0.9082121129286954,0.04566702479171312
0.9052934640221239,0.05768786361517098
0.9124027087447478,0.03798828322961221
0.913151057088832,0.024341691836776064
0.92108378190235,0.037140945855547225
0.8665284517922375,0.08955828991911778
0.8529833080366119,0.0982059962295514
0.8133202003384156,0.07574142020230686
0.8046391271808134,0.0667045062942166
0.8011218770543836,0.08856905394174049
0.7946863652984276,0.1388457562181995
0.7997749274904414,0.0925746488009568
0.7907946182690845,0.0688694735561817
0.7781475054355945,0.05997445825140379
0.7969311521459826,0.09327603332590054
0.8029180679910034,0.07205611076199549
0.8041153995230682,0.04783604629948714
0.8205044477155011,0.062455656686464904
0.7906448711448587,0.04899150635503031
0.7878012248927485,0.0650382112667491
0.815789736964658,0.11757312845877846
0.764302802885343,0.17107295615333157
0.7721605895905738,0.09216516997425553
0.7788209802175657,0.0969613427662119
0.7627313617274106,0.07406701668322149
0.7482879934111265,0.070547931321076
0.7589147464448774,0.05226733696864041
0.7779229492954302,0.05602156858770347
0.7765010616232008,0.1303885994607853
0.7561457155701831,0.0575865074699479
0.7344432908608748,0.08042407411161338
0.7046587169446937,0.0668058624394397
0.732722231671065,0.11251342968924205
0.7467913612691327,0.05898522227402648
0.7307762936102192,0.08316069003263667
0.7086251438976271,0.07506030690640773
0.7398315409398634,0.0715898724939693
0.7446211252528191,0.06322190914435141
0.7257624113417954,0.08045245383227584
0.6612539966184259,0.14739616062921893
0.6846027360477797,0.11324319393484827
0.7060507197382523,0.0566499766880866
0.706353764026287,0.05006993574020393
0.6869522167899444,0.08990290081287627
0.6728557196140009,0.08615677768543106
0.678085057012022,0.0629583831667714
0.6966530549542901,0.08998803997486367
0.6990781838126585,0.06950599014818268
0.6929393908196622,0.15587764286148667
0.6794491113121365,0.095209908576757
0.7080967689153369,0.08799335103687336
0.6866489143172126,0.035486813565506474
0.6875584344583624,0.04634408384180333
0.6878616723849199,0.06993979444973748
0.699835955898181,0.05275384646571122
0.7478095126215202,0.08665950416573756
0.7228752609682506,0.04117086618961708
0.69839605984334,0.08113356712817497
0.7093093333445214,0.05035778719263748
0.7209048599073696,0.05643915590602259
0.6909688606664329,0.05629725730271027
0.6703547490009059,0.08093896332934665
0.6525446522365086,0.0896799172933855
0.667398986044149,0.05976363746933976
0.6621695840999536,0.03054874217023778
0.6576223061250768,0.0457845979201719
0.6682325998843978,0.05394984897934362
0.6705063034180103,0.05911495813991203
0.6705820160803883,0.03551519328616894
0.6965772777457377,0.046218402221726705
0.7062021450630084,0.05331333238734264
0.6930151034820401,0.04739007926050556
0.6553488607761613,0.06721128702033204
0.6584560490576741,0.06985060104194117
0.6420859128942924,0.0631854209320711
0.6269284057062691,0.06897893819302263
0.6442079974646262,0.08037136891609738
0.5956282876190433,0.11472704790091423
0.5868369050496731,0.10086152723439622
0.6173791865052022,0.06340029595994405
0.6454964681947113,0.052429506800997346
0.6285199207243888,0.06920192171251342
0.6215475138911435,0.08253633617806247
0.5970682482200586,0.10052502483225557
0.6037374171267462,0.11386349354361355
0.5578102968575372,0.12133546856945937
0.5775907946828153,0.09825870142506739
0.5863821127060111,0.09455312075571141
0.5870642366753298,0.05002939328211469
0.6165455081187792,0.05762299568222821
0.5628121089913789,0.06896677545559586
0.5353014322473332,0.0931827856722953
0.5262068117514055,0.1202529849384768
0.5180975531513541,0.061308305122539576
0.5187038999121205,0.09221382092396262
0.5288594013277794,0.08084166142993249
0.5503829685882815,0.07118850215888589
0.5632669658812149,0.044831850155074904
0.5702393727144602,0.13661186677748272
0.5438652895525239,0.09548154304595487
0.5525808949133418,0.048695546410978896
0.5346192437318403,0.04304798199914861
0.5321182731187453,0.06434493523342319
0.5522777215329587,0.08984614137155135
0.5314235626454509,0.051602440655976974
0.5006425894375994,0.07176825930956193
0.4805578854931505,0.09979120634084043
0.44893038921020334,0.1352618029231112
0.4440053870237016,0.0875838722101721
0.45162364287634527,0.0919178609799112
0.42946139122178484,0.10822809186921002
0.43769528848428474,0.13382659990675233
0.4446209638873837,0.07664146277188785
0.4396960262470563,0.0972897366767347
0.4454674224163053,0.08277959092659787
0.4679376884143167,0.1672173683890454
0.47178528586048274,0.058891974620421235
0.46509036303027507,0.047304940098518176
0.44977684773912496,0.0622813241166812
0.4317698851433103,0.11314183778962517
0.437618284898422,0.055887778476009
0.4521624097926873,0.06391518517767732
0.44331280657415695,0.043595305183353264
0.45454784275390125,0.04246822484847256
0.45308580736129755,0.04430074395410594
0.4494689624880226,0.02844864284121546
0.4523931623655786,0.053909306521254384
0.4366948873298119,0.06043664227362105
0.4246902025684859,0.05519044819687418
0.4428511077898518,0.06908434858405464
0.4603963070551873,0.05662565121323306
0.48833008397134536,0.06727615495327481
0.4974105043089412,0.07083172852770063
0.5034897857292927,0.049542883785043894
0.49918042495264714,0.05258762238754535
0.5018736786187894,0.03411242423628145
0.4907156460249076,0.042395248423911944
0.5025663881606826,0.03831262289432608
0.5282685456488293,0.055364780766657885
0.5373488368940766,0.08633516450102369
0.5372718978543883,0.05349171920293528
0.5130319048511937,0.09175974539336319
0.5241900665374237,0.077480691654335
0.5156482840238213,0.04400478401005453
0.520881042369077,0.03838559931888671
0.5388879404187175,0.05331333238734264
0.5325009673857863,0.04723196367395755
0.5584338774468244,0.05071050657801383
0.5791342228011297,0.0655936429425716
0.5928318246202992,0.04704546836674708
0.5728240597155385,0.06723561249518557
0.5825969959565048,0.05014696641057347
0.5696690427189172,0.050641584399262134
0.5734397656715691,0.0330826458008149
0.5555866811551313,0.04577243518274513
0.5227279020524717,0.05641077618536012
0.5234973569955305,0.03986134479333482
0.5222662678143405,0.029973039265370663
0.534270823483318,0.04059921753055888
0.5081838417043804,0.04896312663436784
0.4989496078335819,0.058421682106586124
0.5000269480277432,0.05116458210861325
0.48609846454333416,0.07961727919563763
0.48109652331714403,0.07232369098538444
0.4749403028571041,0.06395978188157547
0.47886496843530724,0.06118667774827188
0.4974875078948039,0.06998439115363564
0.5039844030624577,0.062325920820579354
0.5136124331422659,0.045030508199712146
0.5251973741325398,0.054229591940159326
0.48731148079573816,0.07465488232551538
0.4843368703561045,0.06612069489773165
0.4805014075906945,0.06845594048367151
0.48175379700938203,0.09324765360523808
0.4862938458127444,0.03884372909529505
0.470951672020234,0.048436074679207804
0.4500518144413673,0.0591636090896191
0.4228897515843665,0.09966552472076382
0.4072343997544663,0.12178143560844093
0.38516044726625975,0.13329143945997446
0.3982325966570891,0.09248545539316048
0.4256294784959579,0.1027305345523099
0.39901534811204054,0.1051752447750907
0.4038685749527925,0.10823214611501894
0.41349660503260066,0.07771178366544362
0.45177390636996506,0.0887636577405688
0.45099109036883944,0.0776712412073544
0.44245892523519814,0.05130242646611664
0.4257077084591311,0.06004338043015548
0.4256294784959579,0.044393991607711174
0.4435548547275393,0.0748981370740508
0.4346312815933352,0.06411789746812349
0.45146079287874963,0.05909063266505848
0.4516956118606177,0.07423324076138736
0.4774486317340618,0.11544464940909366
0.47361310442247795,0.08015243964241552
0.4686815830723784,0.07286695992378017
0.47087331296471224,0.0715898724939693
0.492242873053489,0.08245930550769293
0.5028102436069435,0.04620623948429994
0.5298157174452496,0.08304311690417789
0.5273891040248734,0.0534957734487442
0.5341208827205696,0.04593865926091099
0.5542379242983105,0.045541343171636495
0.5543946424093539,0.07351969349901684
0.5924370602186759,0.08596217388660274
0.5749813219508306,0.11475137337576777
0.5825742111569999,0.049960471103363
0.6059788475732413,0.05100241227625631
0.6161548746723071,0.04830228456751333
0.6048046881177271,0.061539397133648206
0.5852355144668954,0.05714054043096633
0.6409686186182794,0.10785104700898014
0.6422210080369668,0.06763698283026899
0.6213211504581003,0.049498287081145724
0.6419078945457513,0.05519855668849203
0.606135436591936,0.06088666355841154
0.6077010040480133,0.06026636394964626
0.624217337296038,0.04771847317102836
0.618581423546509,0.03991404998885083
0.635802278286312,0.04909286250025339
0.6376026001780829,0.031837992337475425
0.6461347653117241,0.008817984634408383
0.6074661850661454,0.05696620786118262
0.6207731534388428,0.05815815612900611
0.6362719807962222,0.08807443595305182
0.6329060269021999,0.061539397133648206
0.6354891002489221,0.05705945551478787
0.6225736044229621,0.04561431959619712
0.6270353587169769,0.07653199813504692
0.6332191403934152,0.08058218969816139
0.6321859497824308,0.0667207232774523
0.629245290630445,0.033727270884433724
0.6441076927098646,0.05543370294540958
0.6569832344539732,0.08334313109403822
0.6527708220310293,0.058754130262917835
0.6408490145574213,0.06477063104336016
0.6258276997970343,0.14550282783645171
0.6202642068549973,0.0420587460217713
0.6205821613092803,0.03306642881757921
0.6276557119975523,0.040728953396444424
0.6261455897051433,0.030443331779205773
0.6384647434273436,0.014169589102187267
0.6399748011735785,0.03663011088362288
0.6158133608644281,0.02647422513226977
0.6337755284153236,0.02603231233909712
0.6350471525939332,0.037890981330198054
0.6355239551830093,0.039857290547525896
0.6642952187098704,0.05992175305588778
0.634570285458683,0.04297095132877907
0.6460946175913497,0.047446838701830495
0.6417233570336127,0.046388680545701486
0.63003998312763,0.040477590156291175
0.6658847327965888,0.053917415012872234
0.7026831521898741,0.0800105410391032
0.6993450822431215,0.049855060712330986
0.6949737571392103,0.06853702539984999
0.6729583480310352,0.04675356266850459
0.6624671419631784,0.03825586345300116
0.6840852693689352,0.05356469562749589
0.6945764108906177,0.03110417384606029
0.6983913479726208,0.041466826133668484
0.6963249667506518,0.02782023474083234
0.7053854423204092,0.03547870507388863
0.7235065225522718,0.04661977255681012
0.7023653268279396,0.04456426993168596
0.72231441926032,0.1407715229774381
0.726049770909491,0.04607244937260546
0.7487806098128903,0.07038981573452797
0.7330438652572794,0.04301960227848615
0.7237450206660713,0.04252498428979749
0.7019679160331728,0.08564188846769778
0.6887745489271296,0.05204435344914963
0.6901256294462228,0.057541910766049746
0.6896487623109725,0.034088098761427904
0.7010141817626722,0.04085463501652105
0.6980734580645119,0.042861486691938136
0.6989476714483547,0.02144696032920476
0.6896487623109725,0.02549309764651031
0.6841648548017674,0.03898968194441629
0.6600033499464427,0.05196326853297115
0.6638182870284458,0.043331779205773246
0.6733557588258018,0.029283817477853684
0.6696201489919339,0.029064888204171822
0.6750247292530039,0.04052218686018933
0.6716865947600769,0.07248991506355029
0.6650105194127458,0.05371064847661714
0.6777270193835389,0.03839370781050455
0.68750292474852,0.029604102896758633
0.6856747834556537,0.01817518396140358
0.6599238936059592,0.042383085686485175
0.6724019600091268,0.03703553546451521
0.6475566529839536,0.029332468427560765
0.6007699067662787,0.10196022784861446
0.6001245095700999,0.0790253593075348
0.6064165997269051,0.08661085321603047
0.5861691748772088,0.08794470008716627
0.5822164317132136,0.08781496422128073
0.5427704573451448,0.12804524538322756
0.5654378473592708,0.08361071131742717
0.5815712281555575,0.0722993655105309
0.5427704573451448,0.05344306825322819
0.5272017910272426,0.07498733048184711
0.5360751472378915,0.06859783908698383
0.5346231165022943,0.07682390383328941
0.5414797920451357,0.03485840546512335
0.5611625024164474,0.0506537471366889
0.5689871769342955,0.04492509780868014
0.6045612199485116,0.12032190711722851
0.6081911676951562,0.07394944355476271
0.599237193312887,0.03637874764346962
0.5882665382628106,0.049976688086598685
0.5868145075272133,0.033017777867872126
0.5851204931844081,0.031140662058340596
0.5899606171517903,0.0314528389856277
0.5847171441416116,0.04001540613407391
0.5801192619661346,0.03704769820194198
0.5689871769342955,0.059723095011250525
0.5995598596378895,0.045979201719000225
0.5991565751412673,0.026518821836167925
0.60528723531631,0.03000952747765097
0.5948811656522697,0.027058036528754742
0.5939939139412314,0.017826518821836168
0.5905252670840005,0.021223976809713975
0.582377861694976,0.01940362044150737
0.5752791379987523,0.02577284060732602
0.5935098821806407,0.025918793456447264
0.6154511922807938,0.04457643266911273
0.6168225402985971,0.040615434513794575
0.6052066171446903,0.05553100484482374
0.5692291605415037,0.07141959416999452
0.5713265239271055,0.052320042164156415
0.5850398750127882,0.04094788267012629
0.5725365065093203,0.03320021892927368
0.5603558043308546,0.04475887373051428
0.5606785352020313,0.04192090166426791
0.5584198063808412,0.034347570493199
0.559226504466434,0.02754049178001662
0.5639051339058793,0.024548458373031157
0.5380918279056994,0.04630354138371409
0.5588231554236374,0.035754393788895424
0.5526924952485948,0.043125012669518153
0.5512405290591718,0.05210516713628347
0.5562418893697938,0.04085463501652105
0.5413184266095475,0.04051002412276256
0.5254271585128174,0.0315055441811437
0.5180865157555598,0.04299122255782368
0.5270404901378285,0.029466258539255233
0.5363171308450999,0.03261235328697979
0.5495465147163664,0.11072956153331576
0.5354298145878872,0.04387910238997791
0.5605171697664428,0.048107680768685004
0.5608398360914452,0.033050211834343514
0.5819745126521798,0.03911536356449292
0.6104498319701719,0.06088260931260262
0.6011003831783635,0.03910725507287507
0.6092196464354213,0.030933895522085503
0.6031506924029475,0.04660355557357443
0.6113520583936328,0.04865905819869859
0.610859958361263,0.04861446149480043
0.6110239701899948,0.04372909529504774
0.6263603993729985,0.11013764164521293
0.6094657609977805,0.0592852364638868
0.6094657609977805,0.049015831829883845
0.5959335910231761,0.0339137661916442
0.5849438303055261,0.11987188583243802
0.6122541557247454,0.05014696641057347
0.6286567586137676,0.04127222233484016
0.6263603993729985,0.043125012669518153
0.6425170167920099,0.039488354178913866
0.6484219589957517,0.11422432142060773
0.6612159789218012,0.028460805578642237
0.6708114131836207,0.05746082584987127
0.6781105527508451,0.061806977357037156
0.6735999370029339,0.044981857250005065
0.6932829701051166,0.04564675356266851
0.7101777375726829,0.05347144797389066
0.7055029809036916,0.06586527741176947
0.700582109672341,0.05153351847722528
0.6959894557369768,0.0233078591555006
0.6990239650263009,0.034765157811518115
0.6979577913202822,0.04031947456974316
0.7134582323320179,0.04245606211104579
0.7162466916051567,0.03468001864953072
0.7154265679153232,0.03245423770043178
0.7216595983227031,0.02799862155642497
0.7157545915727871,0.035794936246984654
0.7196911981932234,0.026697208651760555
0.71009569938523,0.04385477691512436
0.7222336074501775,0.029940605298899275
0.7232177429687431,0.0393545640672194
0.7301068852372251,0.04361963065820681
0.7187890363159367,0.03147716446048124
0.6721237014519984,0.10682126857351361
0.6714675895908966,0.04892258417627861
0.6827034003247316,0.02910948490806998
0.6772904936071855,0.0226672883176907
0.675650246227518,0.02725264032758306
0.6760602435262608,0.03464758468305933
0.6762243199011669,0.022464576027244533
0.6774545054359173,0.01871439865399039
0.66802308300283,0.02074152155845209
0.6494880681555962,0.034144858202752836
0.6375141719193804,0.0349881413310089
0.6494060945143174,0.03403944781172082
0.6257863256993497,0.044073706188806225
0.6111059438312737,0.05768786361517098
0.6169289123937368,0.06734102288621759
0.6088916227779576,0.0576027244531836
0.6094657609977805,0.03041495205854331
0.6171748978637475,0.02309703837343658
0.6324293534054722,0.03061766434898948
0.6322653415767402,0.01799679714581095
0.6321012652018341,0.050382112667491034
0.6437472023267605,0.03954105937442987
0.6439932523429456,0.07527518193428066
0.650636280049068,0.06449899657416229
0.6556391249216974,0.050726723561249513
0.6570566880002531,0.02804727250613205
0.6580572182470743,0.04132087328454724
0.6642275097730975,0.03986539903914375
0.658307334672236,0.04545620400964911
0.6800699809621059,0.05255518842107396
0.671982022599552,0.1033386714236484
0.6539715099641542,0.04070462792159089
0.6540549681674404,0.03242585797976932
0.6498858662274084,0.049863169203948836
0.6322089282204587,0.08331475137337575
0.6325424383027325,0.05087673065617968
0.6362945719572045,0.05050779428756765
0.6114468767235846,0.07692120573270357
0.6034422474719684,0.08292148952991019
0.608778666973046,0.06702884595893048
0.6021080780505248,0.07693742271593926
0.5737583010414202,0.0708276742818917
0.5632522493534894,0.0758873730514281
0.5721740797409891,0.03913158054772861
0.5730078872197606,0.030520362449575317
0.5719239633158273,0.03215422351057145
0.5805122836210531,0.022355111390403602
0.5864323941757403,0.02790942814862865
0.6046095650330137,0.04655490462386735
0.5964381484671737,0.05163892886825728
0.5937699387166349,0.04739007926050556
0.6046095650330137,0.03669497881656565
0.6197850806036487,0.046210293730108855
0.6064439673047809,0.03908292959802153
0.589350720351441,0.05030913624293041
0.5864323941757403,0.047677930712939125
0.5785944876921743,0.049863169203948836
0.5849315019862471,0.048277959092659785
0.5766766917632948,0.04599541870223592
0.5878498281619476,0.04288581216679167
0.5730078872197606,0.057331089983985735
0.5795950824851698,0.045719729987229125
0.6176171037034337,0.08325393768624191
0.6392963563361914,0.07095335590196833
0.66722922960591,0.0696843769637753
0.6843224765592498,0.06590987411566762
0.6775685585257911,0.03627739149824654
0.6622263201871064,0.05394174048772577
0.6638939996908236,0.023538951166609236
0.6501359826525703,0.035434108369990475
0.6629767985549403,0.023360564351016605
0.6647278071695953,0.040177575966430845
0.7085032161744967,0.07196286310839026
0.7064186329313936,0.05240923557195273
0.705418038138398,0.03814639881616023
0.7159241543725031,0.03205286736534836
0.7248459847600027,0.03862885406742211
0.7165078454261128,0.03579899049279358
0.7110880322679233,0.03484624272769658
0.7089200553677083,0.017712999939186312
0.7161742707976647,0.02824998479657822
0.7194261716018132,0.03320427317508261
0.7249293784171148,0.033285358091261076
0.7426896455350022,0.07986053394417303
0.7754587700016492,0.06093126026230971
0.7923852941869393,0.06447061685349982
0.7918015385871552,0.05424580892339503
0.7997227741816594,0.05834465143621658
0.8125823084745577,0.06701668322150371
0.8255263982557041,0.043112849932091385
0.8416007193025655,0.04549674646773834
0.8391473192198821,0.04053434959761611
0.8795023619058807,0.07547383997891792
0.9414310596835881,0.10314001337901116
0.9225648584163532,0.1375443433135351
0.9163888222808229,0.044402100099329024
0.9294175966425661,0.04006405708378099
0.9205343648672591,0.03588412965478097
0.904544599308646,0.0722993655105309
0.9052214304916771,0.03489894792321258
0.9167273024185129,0.01847114390545499
0.9168118579067611,0.03464758468305933
0.92197258272157,0.027033711053901198
0.9080978662002991,0.03637063915185178
